fid;Name;CGM;Lon;Lat
1008;FIGUEREDO Y NATA;BUDGE;-58,4690326;-34,7174642
689;CLAUDIO DE ALAS & CAMINO DE LA RIBERA SUR;BUDGE;-58,468341;-34,713523
679;FIGUEREDO Y MACHADO;BUDGE;-58,4653145;-34,7153344
674;JOSÃ© ESPRONCEDA & AZAMOR;BUDGE;-58,464152;-34,712889
671;BARADERO & RICARDO PALMA;BUDGE;-58,463216;-34,715995
669;BARILOCHE E INTENDENTE PEDRO PABLO TURNER;BUDGE;-58,4629963;-34,7104033
665;AZAMOR & BARILOCHE;BUDGE;-58,461998;-34,711672
662;GUAMINI Y REAÑO;BUDGE;-58,4618691;-34,7079188
657;BARADERO Y SALADILLO;BUDGE;-58,4610636;-34,7147927
653;CAMPOAMOR & INTENDENTE PEDRO PABLO TURNER;BUDGE;-58,459741;-34,708593
642;MONTIEL & CAMPANA;BUDGE;-58,457874;-34,714854
640;BARADERO Y GUAMINI;BUDGE;-58,4578038;-34,7129829
639;FIGUEREDO & CAMPOAMOR;BUDGE;-58,457744;-34,711136
636;PRESIDENTE JUAN DOMINGO PERON Y AZAMOR;BUDGE;-58,4567304;-34,7087351
641;CAMPOAMOR Y CAMPANA;BUDGE;-58,4557556;-34,7136374
625;NECOL Y CAMPOAMOR;BUDGE;-58,4547296;-34,7148526
620;NECOL & COSQUIN;BUDGE;-58,4536615;-34,7142538
615;RECONDO Y COSQUIN;BUDGE;-58,4527149;-34,715522
687;EVARISTO CARRIEGO & FIGUEREDO;BUDGE;-58,467661;-34,716664
1012;BARADERO & COSQUÍN;BUDGE;-58,4556584;-34,7117706
1041;PRESIDENTE JUAN DOMINGO PERÓN & FIGUEREDO;BUDGE;-58,4554848;-34,7098969
632;AYOLAS Y BARILOCHE;BUDGE;-58,456057;-34,7190668
631;RECONDO & MONTIEL;BUDGE;-58,455902;-34,717318
629;SALADILLO & CANADA;BUDGE;-58,455274;-34,722008
628;EJERCITO DE LOS ANDES Y ANTONIO MACHADO;BUDGE;-58,4552288;-34,727855
621;BRAGADO & JOSE ESPRONCEDA;BUDGE;-58,453676;-34,72546
617;BARILOCHE Y CAÃ±UELAS;BUDGE;-58,4531083;-34,7229457
616;QUESADA & GUAMINÃ­;BUDGE;-58,4529;-34,719104
611;ESPRONCEDA & GINEBRA;BUDGE;-58,451908;-34,727685
606;EPECUEN Y GUAMINI;BUDGE;-58,4513328;-34,7211289
599;QUESADA & COSQUIN;BUDGE;-58,450729;-34,717903
596;BRAGADO & GUAMINI;BUDGE;-58,449814;-34,723237
595;CAMPOAMOR & CAÃ‘UELAS;BUDGE;-58,449741;-34,721175
578;BRAGADO Y COSQUIN;BUDGE;-58,4475;-34,7220211
572;GINEBRA & CAMPOAMOR;BUDGE;-58,446939;-34,725101
879;GINEBRA & CLAUDIO DE ALAS;BUDGE;-58,4555696;-34,7296002
682;RECONDO & JUAN M. DE LAVARDEN;BUDGE;-58,465953;-34,722911
675;CLAUDIO DE ALAS Y CAMPANA;BUDGE;-58,4644043;-34,7184372
884;NECOL & CLAUDIO DE ALAS;BUDGE;-58,4633527;-34,7196967
672;CANADÃ¡ Y LAVARDEN;BUDGE;-58,463324;-34,7261955
668;ANDRES BELLO & QUESADA;BUDGE;-58,462831;-34,724647
667;CIPOLLETI Y ANTONIO MACHADO;BUDGE;-58,4627587;-34,7183765
666;RECONDO & CLAUDIO DE ALAS;BUDGE;-58,462398;-34,720924
664;LAVARDEN & CAÃ‘UELAS;BUDGE;-58,461891;-34,727953
885;CIPOLLETI & RICARDO PALMA;BUDGE;-58,4618413;-34,7177242
659;NECOL & RICARDO PALMA;BUDGE;-58,461222;-34,718488
656;CANADA & EVARISTO CARRIEGO;BUDGE;-58,460977;-34,724989
655;CIPOLLETI & JOSE ESPRONCEDA;BUDGE;-58,460748;-34,71715
654;FALUCHO & GINEBRA;BUDGE;-58,460373;-34,732059
650;ANTONIO MACHADO & QUESADA;BUDGE;-58,459382;-34,722721
649;AYOLAS Y RICARDO PALMA;BUDGE;-58,4592995;-34,7208826
648;RECONDO & JOSÃ© ESPRONCEDA;BUDGE;-58,459133;-34,719133
646;ANDRES BELLO & ESCOBAR;BUDGE;-58,458919;-34,729954
643;EVARISTO CARRIEGO & BRAGADO;BUDGE;-58,458527;-34,728115
1038;FALUCHO & AUSTRALIA;BUDGE;-58,4611862;-34,73044
549;ARANA GOIRI & SANTA MONICA;PARQUE BARON;-58,443237;-34,764024
535;EUSKADI & BARTOLOME HIDALGO;PARQUE BARON;-58,441328;-34,76452
533;HOMERO & SANTA MONICA;PARQUE BARON;-58,440958;-34,763397
525;INTENDENTE TAVANO Y PARANA;PARQUE BARON;-58,4401507;-34,761447
520;POTOSÃ­ & FALUCHO;PARQUE BARON;-58,439528;-34,759543
519;OMBU Y FLORENCIO SANCHEZ;PARQUE BARON;-58,4391426;-34,7570989
516;OMBU & MIGUEL DE CERVANTES;PARQUE BARON;-58,438816;-34,755452
513;INTENDENTE TAVANO Y BARTOLOME HIDALGO;PARQUE BARON;-58,4386232;-34,7632615
505;TUNUYÃ¡N & INTENDENTE TAVANO;PARQUE BARON;-58,43806;-34,764003
500;JUAN RAMON GIMENEZ & FABIAN ONSARI;PARQUE BARON;-58,437471;-34,756305
490;ALFONSINA STORNI & JUAN RAMON GIMENEZ;PARQUE BARON;-58,436225;-34,758424
488;MIGUEL DE CERVANTES & JAURETCHE;PARQUE BARON;-58,436149;-34,755838
487;CONSTANCIO C. VIGIL & EDUARDO SCHIAFFINO;PARQUE BARON;-58,436125;-34,762645
475;HORACIO QUIROGA & JUAN RAMON GIMENEZ;PARQUE BARON;-58,434684;-34,760893
472;FLORENCIO SÃ¡NCHEZ & FERNANDO FADER;PARQUE BARON;-58,434335;-34,763698
461;ORTEGA Y GASSET & GUILLERMO HUDSON;PARQUE BARON;-58,433279;-34,757789
456;JACINTO BENAVENTE & RUA ROSSI;PARQUE BARON;-58,432727;-34,761854
447;LOS PALOS BORRACHOS & LOS ROBLES;PARQUE BARON;-58,431658;-34,764902
553;IPARRAGUIRRE & BARTOLOMÃ© HIDALGO;PARQUE BARON;-58,44469;-34,766253
556;TROPEROS Y HOMERO;PARQUE BARON;-58,4453421;-34,7573556
558;OLMOS & EUSKADI;PARQUE BARON;-58,445469;-34,758978
563;TUNUYÃ¡N & BERNARDO O'HIGGINS;PARQUE BARON;-58,44578;-34,768339
575;IPARRAGUIRRE & POTOSÃ­;PARQUE BARON;-58,447175;-34,762929
582;BUSTOS Y OLMOS;PARQUE BARON;-58,4477275;-34,760139
587;ARANA GOIRI Y USPALLATA;PARQUE BARON;-58,4482647;-34,7573466
609;TERRADA & USPALLATA;PARQUE BARON;-58,451624;-34,759082
748;GUARANÍ & IPARRAGUIRRE;PARQUE BARON;-58,4430213;-34,7684735
750;VOLTAIRE & TUPUNGATO;PARQUE BARON;-58,4386486;-34,7651689
752;ARANA GOIRI & POTOSÍ;PARQUE BARON;-58,4449053;-34,7617935
450;LAS LILAS & CALLE MOLINA ARROTEA;PARQUE BARON;-58,431959;-34,766871
495;VOLTAIRE & AVENIDA JUAN XXIII;PARQUE BARON;-58,436927;-34,767415
517;FAMATINA & EUSKADI;PARQUE BARON;-58,438826;-34,767842
501;CARCARAÃ±A & VOLTAIRE;PARQUE BARON;-58,437788;-34,766298
850;GASSET Y STORNI;PARQUE BARON;-58,4337045;-34,7572054
851;JACINTO BENAVENTE & RICARDO GÜIRALDES;PARQUE BARON;-58,4342987;-34,7598866
1042;PERON Y ROSSI;PARQUE BARON;-58,4310057;-34,7610471
1048;LOS JACARANDAES 243;PARQUE BARON;-58,4307654;-34,7651069
527;JORGE NEWBERY & MELENDEZ VALDEZ;PARQUE BARON;-58,440264;-34,771026
502;SANTA TERESITA & MELENDEZ VALDEZ;PARQUE BARON;-58,437871;-34,770314
496;SANTA TERESITA & SANTA ISABEL;PARQUE BARON;-58,436974;-34,772638
494;OSLO Y SANTA ISABEL ;PARQUE BARON;-58,4350591;-34,7707744
476;MADRID & SANTA FILOMENA;PARQUE BARON;-58,434754;-34,773232
857;CAROLINA MUZZILLI 163;PARQUE BARON;-58,4331965;-34,7711824
459;OSLO & JOSÃ© M. JORGE;PARQUE BARON;-58,433048;-34,773421
439;ERNESTO MERLO & ESTOCOLMO;PARQUE BARON;-58,430813;-34,773358
437;SANTA FILOMENA & FRANCISCO SIRITTO;PARQUE BARON;-58,430721;-34,771186
1021;MELENDEZ VALDEZ & LOS AROMOS;PARQUE BARON;-58,4420274;-34,7719649
1036;GUARANÍ & EUSKADI;PARQUE BARON;-58,4396586;-34,7667168
413;MADRID & ANTONIO PETRELLI;PARQUE BARON;-58,428358;-34,781784
415;VIENA & OLIDEN;PARQUE BARON;-58,428608;-34,777798
426;ISLA SOLEDAD Y ESTOCOLMO;PARQUE BARON;-58,4296615;-34,7748783
444;ISLA SOLEDAD & OSLO;PARQUE BARON;-58,431318;-34,775729
498;RESERVA SANTA CATALINA;PARQUE BARON;-58,437127;-34,780257
518;GENERAL ALLARIAS & CAROLINA MUZZILLI;PARQUE BARON;-58,438844;-34,774487
972;SAN SALVADOR & LOS ANDES;PARQUE BARON;-58,4256722;-34,7790081
477;ISABEL LA CATOLICA & ORTEGA Y GASSET;PARQUE BARON;-58,43499;-34,754595
573;EL ZONDA & HOMERO;PARQUE BARON;-58,446979;-34,75515
561;URUNDAY & LA FONTAINE;PARQUE BARON;-58,445591;-34,752898
548;FALUCHO & ELZONDA ;PARQUE BARON;-58,4440307;-34,7536794
875;CONSTANCIO C. VIGIL & FEDERICO CHAMPALANNE;PARQUE BARON;-58,4423454;-34,7542839
530;ESTANISLAO DE CAMPO & FLORENCIO SÃ¡NCHEZ;PARQUE BARON;-58,440767;-34,754987
852;CHAPALANE Y LOPE DE VEGA;PARQUE BARON;-58,4406773;-34,7533956
503;ISABEL LA CATOLICA ENTRE ZORRILLA & OMBU;PARQUE BARON;-58,437934;-34,753297
931;TERRADA 1296;PARQUE BARON;-58,4533802;-34,757031
1022;EL ZONDA & FLORENCIO SÁNCHEZ;PARQUE BARON;-58,442359;-34,7529402
729;12 DE OCTUBRE Y RAMIRO DEL CARRIL;SANTA CATALINA;-58,4822537;-34,746885
725;DIAGONAL 61 & JOSE FORGIONE;SANTA CATALINA;-58,480477;-34,746975
713;FACUNDO QUIROGA2000;SANTA CATALINA;-58,4766604;-34,7499517
716;CHE GUEVARA & PAMPAS;SANTA CATALINA;-58,4762755;-34,7519723
714;CAMILO MANDELLI & A. MAGRASSI;SANTA CATALINA;-58,475697;-34,747238
710;PABLO CAMARERO & CAPITÃ¡N RUBEN MARTELL;SANTA CATALINA;-58,474041;-34,75676
909;PUNTO 972;SANTA CATALINA;-58,47373;-34,7467788
702;DR. CARLOS VOSS & MADRES DE PLAZA DE MAYO;SANTA CATALINA;-58,472386;-34,751328
856;AVENIDA CAPITÁN GIACHINO & GENERAL JUAN FACUNDO QUIROGA;SANTA CATALINA;-58,4721448;-34,7477268
859;GENERAL J. COSTA & R. VENZANO;SANTA CATALINA;-58,4716361;-34,7569472
693;JOSE SAN TALLON & DAVID BAUD;SANTA CATALINA;-58,469231;-34,755457
691;MANUELA PEDRAZA & GENERAL JUAN FACUNDO QUIROGA;SANTA CATALINA;-58,468775;-34,745932
688;LUIS FARINELLO Y CACHO PEÑALOSA;SANTA CATALINA;-58,4683483;-34,7577562
684;AGUSTIN MAGALDI Y CALLE 100;SANTA CATALINA;-58,4665933;-34,7460642
683;CALLE 3 Y CALLE 102;SANTA CATALINA;-58,4664132;-34,74689
681;CALLE 3 & CALLE 104;SANTA CATALINA;-58,465695;-34,747858
673;CALLE UNION & CALLE 4;SANTA CATALINA;-58,463962;-34,746545
751;CALLE UNIÓN REAL & PASAJE KIRCHNER;SANTA CATALINA;-58,4619135;-34,748421
652;BARRIO SEBASTIÃ¡N;SANTA CATALINA;-58,459539;-34,752662
922;LEONARDO DA VINCI 2205;SANTA CATALINA;-58,4693598;-34,7538116
944;TATO BORES 118;SANTA CATALINA;-58,4719557;-34,7496298
951;CALLE 3 Y 109;SANTA CATALINA;-58,4639871;-34,7501232
954;PJE OLIDEN Y CALLE 1;SANTA CATALINA;-58,4702067;-34,747915
956;BARRIO SEBASTIAN;SANTA CATALINA;-58,4597735;-34,7531622
1016;CALLE 3 & CALLE 107;SANTA CATALINA;-58,4646033;-34,7493197
1031;OLENDE DE GRIGERA Y 104;SANTA CATALINA;-58,4679722;-34,7490264
1040;DAVID BAUD & AVENIDA GENERAL CHACHO PEÑALOZA;SANTA CATALINA;-58,4701275;-34,7592449
740;SANTA CRUZ & MENDOZA;SANTA CATALINA;-58,490708;-34,735436
739;RESISTENCIA & CALLE 19;SANTA CATALINA;-58,489267;-34,73577
738;SIMON BOLIVAR Y RESISTENCIA;SANTA CATALINA;-58,4885022;-34,7368752
737;SALTA & CALLE 19;SANTA CATALINA;-58,488329;-34,735011
736;PASAJE PERÃ³N & LOS PINOS;SANTA CATALINA;-58,487452;-34,735599
735;AV. OLIMPO Y 11 DE AGOSTO;SANTA CATALINA;-58,487439;-34,738638
734;LA PAZ & IRUPANA;SANTA CATALINA;-58,486118;-34,736403
733;CALLE 4 & PASAJE PERÃ³N;SANTA CATALINA;-58,485426;-34,734389
732;CAPITAN RUBEN MARTELL & CAPITAN YABEN;SANTA CATALINA;-58,485344;-34,739689
731;SANTOS VEGA & AV. DR. GILBERTO ELIZALDE;SANTA CATALINA;-58,485036;-34,744432
730;MIATELLO Y HECTOR MILLAN;SANTA CATALINA;-58,4831618;-34,7418694
728;PASAJE DEL PUEBLO & OLIMPO;SANTA CATALINA;-58,482152;-34,736401
727;CAPITÃ¡N GARCÃ­A CUERVA & CALLE 17;SANTA CATALINA;-58,482023;-34,738473
726;AV. OLIMPO & AV. SAN JUAN;SANTA CATALINA;-58,480629;-34,735761
722;AV. DE LA NORIA & RAUL LLOBERAS;SANTA CATALINA;-58,478887;-34,733327
721;DIAGONAL 61 & ILLESCAS;SANTA CATALINA;-58,478464;-34,740754
720;MACACHA GUEMES & SUBOFICIAL R. N. DE ROSA;SANTA CATALINA;-58,47765;-34,737229
719;EVITA & CABO CASERES;SANTA CATALINA;-58,477604;-34,738624
718;CABO CORREA Y AV. CAP GIACHINO;SANTA CATALINA;-58,4770634;-34,7412176
741;CALLE 21 & CALLE 103;SANTA CATALINA;-58,491441;-34,73241
742;CALLE 6 & CALLE 102;SANTA CATALINA;-58,49476;-34,72907
743;CALLE 102 & CALLE 29;SANTA CATALINA;-58,496882;-34,726003
771;CÓRDOBA & JUNIN;SANTA CATALINA;-58,481321;-34,7301869
860;MIATELLO & SAN MANCO;SANTA CATALINA;-58,4816122;-34,7421171
861;AVENIDA DOCTOR GILBERTO ELIZALDE & AVENIDA OLIMPO;SANTA CATALINA;-58,4888297;-34,739283
862;MENDOZA & SANTA CRUZ;SANTA CATALINA;-58,4912716;-34,7349522
896;ILARIO LOREA 4114;SANTA CATALINA;-58,4837611;-34,7334058
946;TOMAS ESPORA 785;SANTA CATALINA;-58,488876;-34,729958
971;ARROYO SANTA CATALINA;SANTA CATALINA;-58,4806461;-34,7378951
1030;CENTENARI 34;SANTA CATALINA;-58,483654;-34,7382072
1035;AVENIDA CAPITÁN GIACHINO & SUBOFICIAL R. N. DE ROSA;SANTA CATALINA;-58,479208;-34,7380531
709;HOMERO MANZI & SUBOFICIAL R. N. DE ROSA;SANTA CATALINA;-58,473971;-34,735284
708;CABO CORREA & MANUELA PEDRAZA;SANTA CATALINA;-58,473772;-34,739524
706;HOMERO MANZI & CABO CASERES;SANTA CATALINA;-58,473188;-34,736308
705;SOLDADO RODRIGUEZ Y PAULA ROSENDE DE GIGRERA;SANTA CATALINA;-58,4730541;-34,7418801
704;IGNACIO CORSINI & CABO CORREA;SANTA CATALINA;-58,472966;-34,739095
701;SOLDADO BRITOS Y CARRILLO;SANTA CATALINA;-58,4723634;-34,7428454
700;SOLDADO BRITO & MANUELA PEDRAZA;SANTA CATALINA;-58,47148;-34,742478
698;AGUSTIN MAGALDI & SOLDADO RODRIGUEZ;SANTA CATALINA;-58,47076;-34,740667
692;AGUSTIN MAGALDI & SOLDADO ZELARRAYAN;SANTA CATALINA;-58,469178;-34,742716
685;PADRE CARLOS MUJICA & SOLDADO BENITEZ;SANTA CATALINA;-58,466986;-34,743032
757;PADRE CARLOS MUJICA & SOLDADO BRITO;SANTA CATALINA;-58,4686013;-34,7409845
769;SOLDADO PETRUCCELLI & AGUSTÍN MAGALDI;SANTA CATALINA;-58,4676741;-34,7446257
863;SOLDADO MARCELO MASSAD & AGUSTÍN MAGALDI;SANTA CATALINA;-58,4754885;-34,7346369
901;SANTA FE 80;SANTA CATALINA;-58,476704;-34,7443102
1020;GENERAL JUAN FACUNDO QUIROGA & CALLE 4;SANTA CATALINA;-58,4656727;-34,7442865
597;URUNDAY & ARANA GOIRI;SANTA MARTA;-58,449893;-34,755131
602;URUNDAY Y BUSTOS;SANTA MARTA;-58,4510496;-34,7557108
467;FOURNIER Y GAUCHO RIVERO;SANTA MARTA;-58,4338327;-34,7478256
438;LAS TROPAS & PARRAL;SANTA MARTA;-58,430737;-34,746974
433;ACCESO A PRESIDENTE JUAN DOMINGO PERÃ³N & LAS TROPAS;SANTA MARTA;-58,430457;-34,747232
524;AV. GRAL. MARTIN RODRIGUEZ Y MONTIEL;SANTA MARTA;-58,4399061;-34,7387759
493;LUIS VERNET & LAS TROPAS;SANTA MARTA;-58,436579;-34,740084
489;ELOY ALFARO & GABRIELA MISTRAL. BARRIO ODISA;SANTA MARTA;-58,436163;-34,738668
485;TIMOTEO GORDILLO & OLIVOS;SANTA MARTA;-58,436003;-34,742998
469;LISANDRO DE LA TORRE & OLIVOS;SANTA MARTA;-58,434061;-34,745278
465;MAYOR OLIVERO & VICENTE BARBIERI;SANTA MARTA;-58,433652;-34,739827
448;VICENTE BARBIERI & CEFERINO NAMUNCURÃ¡;SANTA MARTA;-58,431731;-34,742128
442;ZELAYA & ELOY ALFARO;SANTA MARTA;-58,431124;-34,74432
870;VICENTE BARBIERI & TIMOTEO GORDILLO;SANTA MARTA;-58,4327239;-34,7409799
871;GABRIELA MISTRAL 1947;SANTA MARTA;-58,4397162;-34,7400564
921;FOURNIER 1704;SANTA MARTA;-58,4387942;-34,7427315
588;AVENIDA GENERAL MARTÃ­N RODRÃ­GUEZ & ANDRÃ©S BELLO;SANTA MARTA;-58,448421;-34,743549
547;JOSÃ© INGENIEROS & LUIS VERNET;SANTA MARTA;-58,443048;-34,743742
872;AV. GRAL. MARTÍN RODRÍGUEZ 2240;SANTA MARTA;-58,4439671;-34,7411865
633;IPARRAGUIRRE & MIRAMAR;SANTA MARTA;-58,456318;-34,750737
630;ARANA GOIRI & PUNTA ALTA;SANTA MARTA;-58,455745;-34,747364
624;EUSKADI Y PUNTA ALTA;SANTA MARTA;-58,4546202;-34,7468276
623;TERRADA Y EL PAMPERO;SANTA MARTA;-58,4541064;-34,7557654
622;MAR DEL PLATA & IPARRAGUIRRE;SANTA MARTA;-58,453838;-34,75408
906;BUSTOS 1596;SANTA MARTA;-58,4534117;-34,7524893
618;ARANA GOIRI & COPIHUE;SANTA MARTA;-58,453283;-34,7507
612;HOMERO & MIRAMAR;SANTA MARTA;-58,452107;-34,748594
610;BUSTOS & EL PAMPERO;SANTA MARTA;-58,45188;-34,754612
607;NEUQUEN & VIRGILIO;SANTA MARTA;-58,4514629;-34,7467207
854;TAVANO ENTRE NEUQUEN Y MIRAMAR;SANTA MARTA;-58,4510015;-34,7473148
770;MAR DEL PLATA & EUSKADI;SANTA MARTA;-58,4504921;-34,7523275
855;VOLTAIRE / COPIHUE Y VALPARAISO;SANTA MARTA;-58,4499734;-34,7498805
592;LA FONTAINE Y COPIHUE;SANTA MARTA;-58,4490303;-34,7485287
585;INT. TAVANO & MAR DEL PLATA;SANTA MARTA;-58,44805;-34,751064
580;CONSTANCIO C. VIGIL Y MAYOR OLIVERO;SANTA MARTA;-58,4476278;-34,748138
877;FLORENCIO SÁNCHEZ 1741;SANTA MARTA;-58,4475229;-34,7471877
853;VOLTAIRE 1325;SANTA MARTA;-58,4473014;-34,7532029
876;PROFESOR CID GUIDI DE FRANC & BELÉN;SANTA MARTA;-58,4435113;-34,7480791
874;FLORENCIO SÁNCHEZ & INTENDENTE FELIPE CASTRO;SANTA MARTA;-58,4433208;-34,7516807
541;LOPE DE VEGA & INTENDENTE FELIPE CASTRO;SANTA MARTA;-58,442211;-34,751066
529;BENJAMÃ­N FRANKLIN & JOSÃ© INGENIEROS;SANTA MARTA;-58,440679;-34,746825
512;INTENDENTE FELIPE CASTRO & JOSÃ© INGENIEROS;SANTA MARTA;-58,438579;-34,74955
507;LISANDRO DE LA TORRE & GAONA;SANTA MARTA;-58,438238;-34,74774
506;CEFERINO NAMUNCURA & VICENTE LOPEZ Y PLANES;SANTA MARTA;-58,4381316;-34,7459493
1045;FLORENCIO SANCHEZ Y BRAILLE;SANTA MARTA;-58,445121;-34,7499864
217;RECONQUISTA & AVENIDA LUIS PUIG;TURDERA;-58,403248;-34,792436
213;AV. LUIS PUIG & SAN JOSE;TURDERA;-58,40282;-34,789976
206;GENERAL RIEGO Y NÃºÃ±EZ & ALFREDO CAMARLINGHI;TURDERA;-58,40197;-34,788184
191;SOLER & SANTA ANA;TURDERA;-58,398714;-34,790463
183;SAN RAIMUNDO Y CARLOS GUIDO SPANO;TURDERA;-58,3970262;-34,7905362
761;SANTA MARÍA & SANTO TOMÁS;TURDERA;-58,3986037;-34,7883773
814;SANTA MARÍA & VICENTE FIDEL LÓPEZ;TURDERA;-58,3969106;-34,7888386
1005;SANTA BUENAVENTURA & PADRE BRUNO;TURDERA;-58,4040236;-34,7881658
289;25 DE MAYO & SAN ISIDRO;TURDERA;-58,413988;-34,785693
300;SAN BLAS & PROFESOR MARINO;TURDERA;-58,415172;-34,788834
295;SAN BENITO & SAN LUIS;TURDERA;-58,414583;-34,791114
280;AV 9 DE JULIO Y SAN MATEO;TURDERA;-58,412869;-34,788642
274;AV. 9 DE JULIO Y SAN ISIDRO;TURDERA;-58,4120218;-34,7881993
267;RECONQUISTA & SAN FRANCISCO;TURDERA;-58,41123;-34,792264
265;9 DE JULIO & SAN ROQUE;TURDERA;-58,41113;-34,787729
259;SAN RAFAEL & MIGUEL DE AZCUENAGA;TURDERA;-58,410205;-34,79252
252;A.PRETTI & SAN PABLO;TURDERA;-58,409302;-34,795437
236;SANTA TERESA & CABILDO;TURDERA;-58,40676;-34,795716
234;SANTA BUENAVENTUTA & SAN LORENZO;TURDERA;-58,406539;-34,787863
231;GENERAL JOSÃ© MATÃ­AS ZAPIOLA & PATRICIOS;TURDERA;-58,406304;-34,793747
228;GENERAL JOSÃ© MATÃ­AS ZAPIOLA & JOSÃ© E. AGÃ¼ERO;TURDERA;-58,405726;-34,790475
965;GRAL JOSE MARIA ZAPIOLA 527;TURDERA;-58,4060399;-34,7914443
974;SAN BENITO 327;TURDERA;-58,4152341;-34,7903983
976;AV. HIPÓLITO YRIGOYEN 11660;TURDERA;-58,4087222;-34,79235
977;GRAL. JOSÉ MATÍAS ZAPIOLA 531;TURDERA;-58,4060049;-34,7916046
978;SAN BLAS & AVENIDA 9 DE JULIO;TURDERA;-58,4145605;-34,789598
994;ZAPIOLA Y SANTA MARIA;TURDERA;-58,4050875;-34,7869713
995;ZAPIOLA Y SAN LUIS;TURDERA;-58,4054329;-34,7889015
1032;GENERAL FRÍAS & PATRICIOS;TURDERA;-58,4132488;-34,794736
661;OHIGGINS & GUERNICA;ALBERTINA;-58,461703;-34,747024
534;COSQUIN & PARIS;ALBERTINA;-58,441245;-34,73021
1000;MARSELLA & CAMPOAMOR;ALBERTINA;-58,4407909;-34,7330716
637;OSTENDE & ANDRÃ©S BELLO;ALBERTINA;-58,456764;-34,732649
627;BUCAREST & CLAUDIO DE ALAS;ALBERTINA;-58,455196;-34,730167
619;CLAUDIO DE ALAS & ATENAS;ALBERTINA;-58,453398;-34,732499
601;LA HAYA Y ESPRONCEDA;ALBERTINA;-58,4510122;-34,7288371
591;SALADILLO Y  ATENAS;ALBERTINA;-58,4483925;-34,7299252
586;OSTENDE & MONTIEL;ALBERTINA;-58,448096;-34,728137
570;BOLONIA & MONTIEL;ALBERTINA;-58,446732;-34,729918
567;PARIS & SALADILLO;ALBERTINA;-58,446176;-34,732799
560;OSTENDE & CAMPOAMOR;ALBERTINA;-58,445537;-34,726881
552;ATENAS & CAMPOAMOR;ALBERTINA;-58,444636;-34,728042
768;PUNTO 815;ALBERTINA;-58,4463165;-34,7281056
515;COSQUIN & PUERTO ARGENTINO;ALBERTINA;-58,438681;-34,733529
509;CAPITAN SARMIENTO & CAMPOAMOR;ALBERTINA;-58,438273;-34,736397
686;IPARRAGUIRRE & SEBASTIAN ELCANO;ALBERTINA;-58,467174;-34,736302
680;BERNARDO O'HIGGINS & ZUBEROA;ALBERTINA;-58,465481;-34,742014
677;BUSTOS & MARTIN GARCIA DE LOYOLA;ALBERTINA;-58,464846;-34,737336
670;EUSKADI & FRANCISCO DE AGUIRRE;ALBERTINA;-58,463203;-34,735388
663;ZUMAYA & ARANA GOIRI;ALBERTINA;-58,461874;-34,73919
658;IPARRAGUIRRE & OYARZUN;ALBERTINA;-58,4611665;-34,7442943
647;VIRGEN DE ITATI Y PASAJE 2 ARROYOS;ALBERTINA;-58,4590133;-34,7346424
645;BUSTOS Y GUERNICA;ALBERTINA;-58,4587307;-34,7454409
638;FALUCHO & NAPOLES;ALBERTINA;-58,45716;-34,736054
635;GUERNICA & EUSKADI;ALBERTINA;-58,456502;-34,744319
634;HOMERO & BIDAZOA;ALBERTINA;-58,456453;-34,742755
644;ATENAS Y ANDRES BELLO ;ALBERTINA;-58,4558598;-34,7338159
626;PARIS & JUAN MANUEL DE LAVARDEN;ALBERTINA;-58,454881;-34,737336
608;BARCELONA & EVARISTO CARRIEGO;ALBERTINA;-58,451557;-34,737146
603;ANDRES BELLO & PUERTO ARGENTINO;ALBERTINA;-58,451131;-34,740004
589;RICARDO PALMA & PARIS;ALBERTINA;-58,448665;-34,73413
583;CLAUDIO DE ALAS & RAWSON;ALBERTINA;-58,447785;-34,73981
574;EVARISTO CARRIEGO Y GENERAL MARTIN RODRIGUEZ;ALBERTINA;-58,4471616;-34,742821
566;PUERTO ARGENTINO & RICARDO PALMA;ALBERTINA;-58,446168;-34,7374
550;ESPRONCEDA & CAPITAN SARMIENTO;ALBERTINA;-58,443243;-34,738967
760;TARTAGAL & EUSKADI;ALBERTINA;-58,4643959;-34,7338073
766;ARANA GOIRI & SEBASTIÁN ELCANO;ALBERTINA;-58,4649001;-34,7351564
775;ANTONIO MACHADO & MARSELLA;ALBERTINA;-58,4482617;-34,7369482
873;RAWSON & ESPRONCEDA;ALBERTINA;-58,4440776;-34,7378627
878;RAWSON & JUAN MANUEL DE LAVARDÉN;ALBERTINA;-58,4515312;-34,741728
919;ARANA GOIRI 2500;ALBERTINA;-58,4595204;-34,742406
947;OHIGGINS 2344;ALBERTINA;-58,4628778;-34,7455871
997;BUSTOS & I. ZULOAGA;ALBERTINA;-58,4636291;-34,7389298
1007;SALADILLO & PUERTO ARGENTINO;ALBERTINA;-58,4436841;-34,736118
1051;I. ZULOAGA & TERRADA;ALBERTINA;-58,4658876;-34,7400797
880;BRUNO TAVANO & ESCOBAR;ALBERTINA;-58,4627561;-34,7318596
660;SEBASTIAN ELCANO & VIRGILIO;ALBERTINA;-58,461539;-34,733402
651;LA HAYA & FALUCHO;ALBERTINA;-58,459433;-34,733206
384;BILBAO LA VIEJA & CELINA HILDA LIVERANOME DE MINETTO;CENTENARIO;-58,425202;-34,732381
377;RAWSON Y EL PLUMERILLO;CENTENARIO;-58,4241388;-34,7274083
366;RAWSON & JOSÃ© LUIS MURATURE;CENTENARIO;-58,423059;-34,726822
358;CARLOS GLADE & VIEYTES;CENTENARIO;-58,422122;-34,736587
352;LUIS VERNET & CONSTITUCION;CENTENARIO;-58,421432;-34,730794
324;J. ZAMORA & ROSETTI;CENTENARIO;-58,418165;-34,732097
316;FLORENTINO AMEGHINO & EMILIANO ZAPATA;CENTENARIO;-58,417216;-34,729671
315;GABRIELA MISTRAL & AVENIDA GENERAL HORNOS;CENTENARIO;-58,417154;-34,727623
306;AV. TALLERES & EMILIANO ZAPATA;CENTENARIO;-58,416056;-34,72907
285;CARLOS GLADE & AVENIDA PRESBITERO PEDRO F. URIARTE;CENTENARIO;-58,413476;-34,732586
392;RAWSON & PARAGUAY;CENTENARIO;-58,426063;-34,728259
389;12 DE OCTUBRE & FRENCH;CENTENARIO;-58,425896;-34,738865
840;EDUARDO CARAZA & EMILIANO ZAPATA;CENTENARIO;-58,4255719;-34,7341535
842;GABRIELA MISTRAL & J. ZAMORA;CENTENARIO;-58,4203262;-34,7292163
532;OSTENDE & CALLE GASPAR NÃºÃ±EZ DE ARCE;CENTENARIO;-58,440867;-34,724311
522;GABRIEL MIRO 971 & OSTENDE;CENTENARIO;-58,4397201;-34,7237465
511;GABRIEL MIRÃ³ & BOLONIA;CENTENARIO;-58,43855;-34,72528
499;OSTENDE & BENITO PÃ©REZ GALDOS;CENTENARIO;-58,437471;-34,72253
483;GINEBRA & FRANCISCO DE MORAZAN;CENTENARIO;-58,435737;-34,718872
482;BENITO PEREZ GALDOS & NAPOLES;CENTENARIO;-58,4357072;-34,7248325
481;PÃ­O BAROJA & PARÃ­S;CENTENARIO;-58,435498;-34,727217
470;PUERTO ARGENTINO & GABRIEL MIRÃ³;CENTENARIO;-58,434071;-34,731092
466;PÃ­O BAROJA & MARSELLA;CENTENARIO;-58,433797;-34,729413
463;MILÃ¡N & NÃ¡POLES;CENTENARIO;-58,43337;-34,723682
452;EL PLUMERILLO & GINEBRA;CENTENARIO;-58,432153;-34,71699
451;ANTONIO FILARDI & BOLONIA;CENTENARIO;-58,432152;-34,721954
449;MIGUEL DE UNAMUNO & AMSTERDAM;CENTENARIO;-58,431745;-34,72794
440;RAWSON & BENITO PEREZ GALDOS;CENTENARIO;-58,430977;-34,731004
435;OSTENDE & EL PLUMERILLO;CENTENARIO;-58,430604;-34,718933
432;ANTONIO FILARDI & BERNA;CENTENARIO;-58,430406;-34,72425
421;MARSELLA & FRANCISCO DE MORAZAN;CENTENARIO;-58,429098;-34,727725
417;Ã�MSTERDAM & ANTONIO FILARDI;CENTENARIO;-58,4288001;-34,7254603
414;12 DE OCTUBRE & AVENIDA GENERAL MARTÃ­N RODRÃ­GUEZ;CENTENARIO;-58,42842;-34,732593
410;JOSE LUIS MURATURE & BOLONIA;CENTENARIO;-58,428193;-34,719857
404;MARCOS SASTRE Y MILAN;CENTENARIO;-58,4276996;-34,7312374
508;DARWIN Y LA HAYA ;CENTENARIO;-58,4274627;-34,7164072
402;EL PLUMERILLO & PARÃ­S;CENTENARIO;-58,427051;-34,72358
391;AMBERES & GENERAL CONESA;CENTENARIO;-58,42594;-34,720598
427;GENERAL CONESA & GINEBRA;CENTENARIO;-58,429716;-34,715718
776;OSTENDE & ANTONIO FILARDI;CENTENARIO;-58,4330473;-34,7201043
830;PARÍS & DARWIN;CENTENARIO;-58,4235789;-34,7212496
831;EL PLUMERILLO 785;CENTENARIO;-58,4290755;-34,7208862
837;MARSELLA & GABRIEL MIRÓ;CENTENARIO;-58,4353623;-34,7302135
916;AMBERES 107;CENTENARIO;-58,424797;-34,7199494
964;PUERTO ARGENTINO Y PEREZ GALDOS;CENTENARIO;-58,4318258;-34,7298088
1044;RAWSON & CALLE GASPAR NÚÑEZ DE ARCE;CENTENARIO;-58,434354;-34,7327965
1049;GABRIEL MIRÓ & NÁPOLES;CENTENARIO;-58,4379716;-34,7260045
474;CAPITÃ¡N SARMIENTO & CALLE FALLIERES;CENTENARIO;-58,434623;-34,734473
460;PRENSA ARGENTINA & GABRIELA MISTRAL;CENTENARIO;-58,433252;-34,73619
443;MAYOR OLIVERO Y PRENSA ARGENTINA;CENTENARIO;-58,4313027;-34,7384852
441;LUIS SICILIANO & LUIS VERNET;CENTENARIO;-58,431088;-34,736877
434;CELINA HILDA LIVERANOME MINETTO Y ALFREDO L. PALACIOS;CENTENARIO;-58,4305023;-34,7356745
428;GABRIELA MISTRAL & MARTINA CESPEDES;CENTENARIO;-58,430007;-34,734361
425;ANÃ­BAL PONCE & DOCTOR VICTORINO DE LA PLAZA;CENTENARIO;-58,429623;-34,74173
418;PROFESOR CID GUIDI DE FRANC & LUIS SICILIANO;CENTENARIO;-58,428797;-34,739538
416;DOCTOR JUAN M. BASCO & CELINA HILDA LIVERANOME DE MINETTO;CENTENARIO;-58,42875;-34,734628
408;MAYOR OLIVERO & MARTINA CESPEDES;CENTENARIO;-58,428103;-34,736568
396;ALBERTO LARROQUE 2175;CENTENARIO;-58,42650625;-34,740977
390;INDEPENDENCIA & ANA ACERBONI;CENTENARIO;-58,42592;-34,735916
836;ALARMA VECINAL;CENTENARIO;-58,4334249;-34,7372935
839;ALFREDO L. PALACIOS & GABRIELA MISTRAL;CENTENARIO;-58,4313504;-34,734632
841;GABRIELA MISTRAL & AVENIDA 12 DE OCTUBRE;CENTENARIO;-58,4281566;-34,7332625
1052;VICTORINO DE LA PLAZA & TIMOTEO GORDILLO;CENTENARIO;-58,4310824;-34,7400154
614;CALLE FALLIERES & CAMPANA;FIORITO;-58,452479;-34,711821
613;MERCADO LOMAS;FIORITO;-58,4521214;-34,7071311
605;BARADERO & GABRIEL MIRÃ³;FIORITO;-58,451308;-34,709382
604;AZAMOR Y MALVINAS ARGENTINAS;FIORITO;-58,4511351;-34,7065978
600;PILCOMAYO & CALLE GASPAR NÃºÃ±EZ DE ARCE;FIORITO;-58,450975;-34,711828
598;RECONDO & CALLE FALLIERES;FIORITO;-58,45051;-34,714288
593;CAMPANA & PIO BAROJA;FIORITO;-58,449384;-34,710087
746;GABRIEL MIRÓ & NECOL;FIORITO;-58,4493738;-34,7118019
940;MIRO 2479;FIORITO;-58,4520505;-34,7084186
544;ISLANDIA & PIO BAROJA;FIORITO;-58,442376;-34,718308
542;CALLE 7 Y CALLE 6;FIORITO;-58,4422427;-34,7165615
539;GABRIEL MIRO Y EJERCITO DE LOS ANDES;FIORITO;-58,4419301;-34,7209549
536;PIO BAROJA Y AUSTRALIA;FIORITO;-58,4416089;-34,7192596
531;ISALANDIA Y MIGUEL UNAMUNO;FIORITO;-58,4408097;-34,7170546
497;EJERCITO DE LOS ANDES & MILÃ¡N;FIORITO;-58,436998;-34,718133
480;ANTONIO FILARDI & EJERCITO DE LOS ANDES;FIORITO;-58,435319;-34,717258
430;AUSTRALIA & DARWIN;FIORITO;-58,43003;-34,713117
504;ISLANDIA & FRANCISCO DE MORAZAN;FIORITO;-58,437977;-34,715858
514;ISLANDIA Y MILAN;FIORITO;-58,4386337;-34,7161961
462;EJERCITO DE LOS ANDES Y GRAL. PAZ;FIORITO;-58,4333008;-34,7161847
455;TRINIDAD ENTRE ISLANDIA & AUSTRALIA;FIORITO;-58,432713;-34,713747
543;MIGUEL DE UNAMUNO & BERMEJO (CALLE 5);FIORITO;-58,44227;-34,715273
832;EJÉRCITO DE LOS ANDES & CALLE GASPAR NÚÑEZ DE ARCE;FIORITO;-58,4431099;-34,7215976
905;ARLT 1499;FIORITO;-58,4403498;-34,7168746
933;GABRIEL MIRÓ 1432;FIORITO;-58,4430832;-34,7196805
584;LARRAZABAL & PASAJE 13 DE SEPTIEMBRE;FIORITO;-58,447797;-34,694758
581;NUÑEZ DE ARCE Y QUESADA;FIORITO;-58,4477241;-34,7156055
577;RECONDO & PÃ­O BAROJA;FIORITO;-58,447402;-34,712533
576;ZABALEGUI & 2 DE MAYO;FIORITO;-58,447317;-34,693272
571;ANTONIO FILARDI Y ESQUEL;FIORITO;-58,4468198;-34,7027412
565;GABRIEL MIRÃ³ & CALLE CANADÃ¡;FIORITO;-58,445994;-34,715983
564;CALLE CANADÃ¡ & GABRIEL MIRÃ³;FIORITO;-58,445994;-34,715983
568;PIO BAROJA ENTRE AYOLAS Y QUESADA;FIORITO;-58,4458557;-34,7145794
569;26 DE JULIO Y DARWIN ;FIORITO;-58,4457228;-34,6927308
562;TIERRA DEL FUEGO & CORRIENTES;FIORITO;-58,445701;-34,692131
559;CAMARERO & LARRAZABAL;FIORITO;-58,44552;-34,69715
557;NECOL & ROBERTO ARLT;FIORITO;-58,44546;-34,709797
555;PASAJE 13 DE SEPTIEMBRE & DARWIN;FIORITO;-58,445254;-34,6934113
554;JOSE MARIA ROSA Y FLORENTINO;FIORITO;-58,4448076;-34,6957401
551;DEFENSA & DOCTOR AMADEO DILEO;FIORITO;-58,444011;-34,694212
546;RECONDO & FRANCISCO DE MORAZAN;FIORITO;-58,44267;-34,710083
545;ANTONIO FILARDI Y NECOL;FIORITO;-58,442591;-34,7082415
540;LARRAZABAL & AZAMOR;FIORITO;-58,441953;-34,700635
538;PLUMERILLO & CAMPANA;FIORITO;-58,441748;-34,705396
537;CHIVILCOY Y DARWIN;FIORITO;-58,441657;-34,6978062
528;GENERAL CONESA Y FIGUEREDO;FIORITO;-58,4404412;-34,701701
526;JOSE LUIS MURATURE & PILCOMAYO;FIORITO;-58,440263;-34,705133
590;CONESA  Y  PILAR ;FIORITO;-58,4398841;-34,7020922
523;DARWIN & BERNAL;FIORITO;-58,4397524;-34,7003645
521;GRAL. CONESA & BARADERO;FIORITO;-58,439554;-34,702821
510;RECONDO & JOSÃ© LUIS MURATURE;FIORITO;-58,438313;-34,707731
491;NECOL & DARWIN;FIORITO;-58,436282;-34,704919
486;JOSÃ© LUIS MURATURE & CANADÃ¡;FIORITO;-58,436023;-34,710684
794;LARRAZABAL Y CHIVICOY ;FIORITO;-58,4434252;-34,6986789
833;PÍO BAROJA & CALLE CANADÁ;FIORITO;-58,4451213;-34,7155323
834;AYOLAS & BENITO PÉREZ GALDÓS;FIORITO;-58,4455802;-34,7131059
835;JOSÉ LUIS MURATURE & BERMEJO;FIORITO;-58,4352696;-34,7117483
867;MILÁN 2345;FIORITO;-58,4460602;-34,7072532
868;PLUMERILLO & PILCOMAYO;FIORITO;-58,441392;-34,7058468
869;PILAR 135;FIORITO;-58,4393143;-34,7016542
911;QUESADA 296 ;FIORITO;-58,4356057;-34,7090404
936;AVENIDA GENERAL HORNOS & PILCOMAYO;FIORITO;-58,4366154;-34,7028606
949;ESQUEL 2639;FIORITO;-58,4467886;-34,7016474
953;HORNOS Y BERNAL;FIORITO;-58,4386093;-34,6996703
1025;CALINGASTA E/MILAN Y FILARDI;FIORITO;-58,4477728;-34,703566
579;FALLIERES Y BERMEJO;FIORITO;-58,4475279;-34,7178862
903;NUÑEZ DE ARCE 1643;FIORITO;-58,4465492;-34,717139
918;GABRIEL MIRÓ 1598;FIORITO;-58,443997;-34,718235
1011;QUESADA & PRESIDENTE JUAN DOMINGO PERÓN;FIORITO;-58,449049;-34,716985
724;PERGAMINO Y OTTO KRAUSSE;LAMADRID;-58,4813993;-34,7267833
723;ORAN Y OTTO KRAUSSE;LAMADRID;-58,4802345;-34,7284005
927;JUAN VUCETICH 4799;LAMADRID;-58,4794927;-34,7271072
865;BLANDENGUES & ALBERT EINSTEIN;LAMADRID;-58,4786042;-34,7264874
864;ORÁN 940;LAMADRID;-58,4784659;-34,7274449
717;IPARRAGUIRRE Y PERGAMINO;LAMADRID;-58,4766759;-34,7243571
715;METÃ¡N & ISAAC NEWTON;LAMADRID;-58,475723;-34,728304
883;ISAAC NEWTON & LIMAY;LAMADRID;-58,4751364;-34,7290876
866;IPARRAGUIRRE & ORÁN;LAMADRID;-58,4750889;-34,725763
882;GUALEGUAY & ALBERT EINSTEIN;LAMADRID;-58,47503;-34,7312557
712;EPECUEN AL 900;LAMADRID;-58,474195;-34,733013
711;ARANA GOIRI & BLANDENGUES;LAMADRID;-58,47411;-34,724566
707;ISAAC NEWTON & GOYA;LAMADRID;-58,473319;-34,731491
703;PERGAMINO & VIRGILIO;LAMADRID;-58,472516;-34,720452
767;BUSTOS & LIMAY;LAMADRID;-58,4721748;-34,7275797
765;TILCARA & FALUCHO;LAMADRID;-58,4721663;-34,7190577
895;NUEVO HORIZONTE  200;LAMADRID;-58,471607;-34,7242034
699;RIBERA & ANDRES BELLO;LAMADRID;-58,471328;-34,716391
697;BRUSELAS Y FALUCHO;LAMADRID;-58,4705442;-34,7202758
962;EUSKADI 27 Y HOMERO;LAMADRID;-58,4704054;-34,7240209
696;INT. TAVANO & CAMPANA;LAMADRID;-58,470336;-34,722121
695;CAFAYATE & IPARRAGUIRRE;LAMADRID;-58,469714;-34,732926
961;HOMERO Y METAN;LAMADRID;-58,4694935;-34,7250196
899;EPECUEN 413;LAMADRID;-58,4687752;-34,7302403
690;JUAN M. DE LAVARDÃ©N & BARADERO;LAMADRID;-58,468722;-34,72004
926;GOYA 343;LAMADRID;-58,4686148;-34,7289737
1023;BARADERO & CALLE PANCHO RAMÍREZ;LAMADRID;-58,4682819;-34,7194587
1046;FALUCHO & CALLE COMODORO RIVADAVIA;LAMADRID;-58,4682655;-34,7220967
694;TERRADA & ESCOBAR;LAMADRID;-58,469471;-34,73525
881;HOMERO & CAFAYATE;LAMADRID;-58,4653222;-34,730683
678;EUSKADI & ESCOBAR;LAMADRID;-58,46501;-34,732959
676;INTENDENTE TAVANO & CAÃ‘UELAS;LAMADRID;-58,46469;-34,729254
26;LANUS & GOWLAND;SAN JOSE;-58,356685;-34,74143
25;SUECIA & EL CARDENAL;SAN JOSE;-58,356276;-34,757826
27;CAPIAN ROJAS & GOWLAND;SAN JOSE;-58,3556951;-34,7441495
24;COSTA RICA & LOS RECUERDOS;SAN JOSE;-58,354718;-34,75376
23;BALTASAR & EL LITORAL;SAN JOSE;-58,354335;-34,748236
22;ONOFRE & ENRIQUE MUINO;SAN JOSE;-58,353791;-34,741111
21;ENRIQUE MUINO & CAPITAN ROJAS;SAN JOSE;-58,35305;-34,74292
20;EL PICAFLOR & LA CALANDRIA;SAN JOSE;-58,352921;-34,758541
19;HUNGRIA & LAS CASUARINAS;SAN JOSE;-58,3527;-34,748617
18;EL PICAFLOR & LA GOLONDRINA;SAN JOSE;-58,351163;-34,760973
17;EL TREBOL & EL LITORAL;SAN JOSE;-58,350964;-34,75271
16;LA TORCAZA & LA CALANDRIA;SAN JOSE;-58,350018;-34,757136
15;LAS CASUARINAS & LOS PLATANOS;SAN JOSE;-58,349246;-34,746854
14;HUNGRIA & MIRASOL;SAN JOSE;-58,349084;-34,753407
13;LUIS AGOTE & DINAMARCA;SAN JOSE;-58,34899;-34,743651
12;F. MUNOZ Y YERBAL;SAN JOSE;-58,3488055;-34,7524226
11;ANCHORIS & LOS PARAÃ­SOS;SAN JOSE;-58,347541;-34,74738
10;AVENIDA EVA PERON Y YERBAL;SAN JOSE;-58,3473243;-34,7543852
9;EL TREBOL & LOS PLATANOS;SAN JOSE;-58,347186;-34,750636
8;DEFENSA & BALTASAR;SAN JOSE;-58,347054;-34,744517
7;ANCHORIS & DEFENSA;SAN JOSE;-58,346324;-34,746393
6;DINAMARCA & 12 DE AGOSTO;SAN JOSE;-58,346004;-34,742148
5;PABLO PODESTA & BALTASAR;SAN JOSE;-58,34445;-34,74322
4;EL CHURRINCHE & LA PERDIZ;SAN JOSE;-58,343881;-34,755712
3;CAAGUAZU & LA CALANDRIA;SAN JOSE;-58,342634;-34,752966
2;EL TREBOL & PABLO PODESTA;SAN JOSE;-58,342592;-34,74783
1;ELIAS ALIPPI & LA CALANDRIA;SAN JOSE;-58,339527;-34,751681
30;RIO NEGRO & LA CALANDRIA;SAN JOSE;-58,357789;-34,760946
762;ANCHORIS & EL LITORAL;SAN JOSE;-58,3530931;-34,7498681
773;LA GOLONDRINA & EL HALCON;SAN JOSE;-58,3455143;-34,7582286
791;SANTA CRUZ Y EL HORNERO;SAN JOSE;-58,3549609;-34,7603863
795;ACHERAL Y LA GOLONDRINA ;SAN JOSE;-58,3400975;-34,7550693
796;EVA PERON Y LA CACHIRLA ;SAN JOSE;-58,344279;-34,7528197
800;EL HALCON & EL HORNERO;SAN JOSE;-58,3468784;-34,7563864
801;CAAGUAZÚ 981;SAN JOSE;-58,3437064;-34,7505343
802;MIRASOL & MOCTEZUMA;SAN JOSE;-58,3472557;-34,7518539
803;EL TALA & VENEZUELA;SAN JOSE;-58,3524658;-34,7550479
923;MOCTEZUMA 498;SAN JOSE;-58,349428;-34,748695
928;BALTASAR 3355;SAN JOSE;-58,3499202;-34,7458113
941;MONROE Y MUÑOZ AZPIRI;SAN JOSE;-58,3515125;-34,7538464
955;GARAY Y CHUBUT;SAN JOSE;-58,3543164;-34,7634267
957;EL TALA Y YERBAL;SAN JOSE;-58,3500916;-34,7505976
963;EL ZORZAL 3596;SAN JOSE;-58,3543373;-34,7614863
982;LA MADRESELVA & MOCTEZUMA;SAN JOSE;-58,3494523;-34,748873
983;LOS PLATANOS & BALTASAR;SAN JOSE;-58,3498268;-34,7459355
984;BARILARI & JESÚS R OLIVAN;SAN JOSE;-58,3511044;-34,7407833
1014;EL HORNERO & CONCEPCIÓN;SAN JOSE;-58,3404311;-34,7531935
65;ESMERALDA & BOSTON;SAN JOSE;-58,371821;-34,760157
61;14 DE JULIO & REVOLUCION DE TEMPERLEY;SAN JOSE;-58,369449;-34,762267
59;BOSTON Y BERNARDO RIVADAVIA;SAN JOSE;-58,3691837;-34,7641808
56;ORURO Y EL CARDENAL;SAN JOSE;-58,3673651;-34,7631674
54;LA MADRESELVA & EZEQUIEL PAZ;SAN JOSE;-58,366765;-34,758219
53;BAIGORRIA & LA CALANDRIA;SAN JOSE;-58,366722;-34,765296
51;CHARCAS & EL TREBOL;SAN JOSE;-58,366429;-34,760771
52;EL ZORZAL & MAURICIO RAVEL;SAN JOSE;-58,36643;-34,767713
50;DOCTOR CARLOS COLLIVADINO & ANCHORIS;SAN JOSE;-58,365978;-34,756276
48;EVA PERON & LAS PERDICES (PLAZA LENCINA);SAN JOSE;-58,364903;-34,762799
47;RUBEN DE ROSAS & MAURICIO RAVEL;SAN JOSE;-58,364374;-34,770506
46;SAN JUAN & EL CHURRINCHE;SAN JOSE;-58,363935;-34,76518
45;JURAMENTO & JOSE NEGLIA;SAN JOSE;-58,3639;-34,772827
43;SAN PATRICIO Y MADRE SELVA;SAN JOSE;-58,3636985;-34,7567057
41;SAN JUAN & JUAN DE GARAY;SAN JOSE;-58,362036;-34,767428
39;AV. EVA PERON Y SALTA;SAN JOSE;-58,3613815;-34,761395
37;JOSE MARIA HEREDIA & JURAMENTO;SAN JOSE;-58,360779;-34,77115
36;SALTA & EL CHURRINCHE;SAN JOSE;-58,360066;-34,763298
34;NUEVA YORK & MIRASOL;SAN JOSE;-58,359598;-34,758499
33;SALTA Y EL ZORZAL;SAN JOSE;-58,3594033;-34,7642503
31;F. MUNOZ AZPIRI & OTTAWA;SAN JOSE;-58,358868;-34,75746
29;EL ZORZAL & LA PAMPA;SAN JOSE;-58,357326;-34,763239
71;PROSPERO G. ALLEMANDRI & ANATOLE FRANCE;SAN JOSE;-58,373295;-34,763065
787;EL TALA  Y LAS PERDICES ;SAN JOSE;-58,3645847;-34,7587346
789;QUILMES Y NEGLIA ;SAN JOSE;-58,3660648;-34,7700711
790;EL ZORZAL Y COMTE ;SAN JOSE;-58,3613615;-34,7651509
889;REV. DE TEMPERLEY Y EL TALA ;SAN JOSE;-58,3691866;-34,7608829
948;JUNCAL 2160;SAN JOSE;-58,3727;-34,7577384
1018;PORTUGAL & MIRASOL;SAN JOSE;-58,3573739;-34,757586
1033;CHURRINCHE 2572;SAN JOSE;-58,3653247;-34,7658287
49;LAS CASUARINAS & SAN PATRICIO;SAN JOSE;-58,365231;-34,75458
44;BOULEVARD ARMESTI & PORTUGAL;SAN JOSE;-58,363812;-34,749446
42;BARILARI & CORDOBA;SAN JOSE;-58,363096;-34,746882
40;ONOFRE & SPINOZA;SAN JOSE;-58,361807;-34,745143
38;ALEMANIA & SUECIA;SAN JOSE;-58,361244;-34,751067
35;SPINOZA & BOULEVARD ARMESTI;SAN JOSE;-58,360034;-34,747474
32;ONOFRE & JOSE VASCONCELLOS;SAN JOSE;-58,358992;-34,743678
28;MONROE Y BOULEVARD ARMESTI;SAN JOSE;-58,3572348;-34,7461005
786;DINAMARCA Y FREUD;SAN JOSE;-58,3692566;-34,753934
969;ALEMANIA & ERNESTO NAZARET;SAN JOSE;-58,3602873;-34,750559
1001;DINAMARCA Y VESPUCCIO;SAN JOSE;-58,3573883;-34,7479246
1028;ANCHORIS 1389;SAN JOSE;-58,3572834;-34,7520877
78;MAHATMA GANDHI ENTRE RIOBAMBA & LUIS SAENZ PEÑA (ALTURA 160 VEREDA PAR);SAN JOSE;-58,37537;-34,757349
76;GENERAL IRIARTE & ANATOLE FRANCE;SAN JOSE;-58,374756;-34,760855
68;EL CHURRINCHE & QUIRNO COSTA;TEMPERLEY;-58,372592;-34,76955
64;LITUANIA & RUBEN DE ROSAS;TEMPERLEY;-58,370942;-34,773855
62;EL CHURRINCHE & SENILLOSA;TEMPERLEY;-58,370368;-34,768418
60;QUILMES Y ASUNCION;TEMPERLEY;-58,369413;-34,7717791
55;ASUNCION & JURAMENTO;TEMPERLEY;-58,367321;-34,774566
788;EL ZORZAL Y SENILLOSA ;TEMPERLEY;-58,369696;-34,7693562
892;RUBEN DARIO Y CANGALLO ;TEMPERLEY;-58,3733416;-34,7652899
998;TARIJA & CARABOBO;TEMPERLEY;-58,3713821;-34,7753525
1043;LITUANIA & LA GOLONDRINA;TEMPERLEY;-58,3723345;-34,7719806
126;GENERAL IRIARTE & CARLOS TEJEDOR;TEMPERLEY;-58,385662;-34,766519
122;ZUVIRIA & BERNARDINO RIVADAVIA;TEMPERLEY;-58,384971;-34,772463
116;CARLOS CASARES & ANCHORENA;TEMPERLEY;-58,383274;-34,76765
110;CANGALLO & CARLOS CASARES;TEMPERLEY;-58,381877;-34,769785
109;INDALECIO GOMEZ & BLANCO ENCALADA;TEMPERLEY;-58,381786;-34,779735
106;14 DE JULIO & VELEZ SARSFIELD;TEMPERLEY;-58,381475;-34,76809
145;MITRE Y DON BOSCO ;TEMPERLEY;-58,3786816;-34,7727302
93;JOAQUIN V. GONZALEZ & BERNARDINO RIVADAVIA;TEMPERLEY;-58,378094;-34,76881
92;14 DE JULIO & ESTANISLAO ZEBALLOS;TEMPERLEY;-58,378062;-34,766611
88;EL ZORZAL Y AVENIDA CABRED;TEMPERLEY;-58,377608;-34,7734191
86;GENERAL ACHA & FLORENCIO VARELA;TEMPERLEY;-58,377474;-34,779372
85;INDALECIO GOMEZ & AVENIDA CABRED;TEMPERLEY;-58,376967;-34,777402
83;DON BOSCO & LA GOLONDRINA;TEMPERLEY;-58,376817;-34,774296
80;CARABOBO & LA CALANDRIA;TEMPERLEY;-58,375533;-34,769755
77;HECTOR FLORES & QUILMES;TEMPERLEY;-58,375031;-34,774656
75;DON BOSCO & TARIJA;TEMPERLEY;-58,374739;-34,777085
73;WARNES & DON BOSCO;TEMPERLEY;-58,373473;-34,778831
772;GENERAL GÜEMES & ANCHORENA;TEMPERLEY;-58,3808993;-34,7660042
778;QUIRNO COSTA & AVENIDA EVA PERÓN;TEMPERLEY;-58,3740403;-34,7676631
804;ANCHORENA 1439;TEMPERLEY;-58,3796699;-34,7655152
805;ITUZAINGÓ 1028;TEMPERLEY;-58,3858055;-34,7654548
806;BERNARDO DE IRIGOYEN & 14 DE JULIO;TEMPERLEY;-58,3853019;-34,7692169
808;JACINTO ROSSO & ALZAGA;TEMPERLEY;-58,3857845;-34,7785143
812;CARLOS TEJEDOR & CANGALLO;TEMPERLEY;-58,3826814;-34,7702247
913;VARELA 601;TEMPERLEY;-58,3837925;-34,7823609
960;GENERAL ACHA Y MARTI;TEMPERLEY;-58,3809551;-34,7747823
218;SAN ANTONIO & MIGUEL ESTANISLAO SOLER;TEMPERLEY;-58,403451;-34,784376
211;DORREGO & 25 DE MAYO;TEMPERLEY;-58,402625;-34,779139
207;SAN ANTONIO & CARLOS GUIDO SPANO;TEMPERLEY;-58,402244;-34,783754
203;SANTA INES & CARLOS GUIDO SPANO;TEMPERLEY;-58,401552;-34,78554
202;CALLE AVELLANEDA & CORONEL SUÃ¡REZ;TEMPERLEY;-58,40146;-34,775974
201;PICHINCHA & CORONEL BRANDSEN;TEMPERLEY;-58,400674;-34,779073
192;25 DE MAYO & GENERAL JOSÃ© TOMÃ¡S GUIDO;TEMPERLEY;-58,398806;-34,777086
187;PASO BAJO NIVEL TEMPERLEY;TEMPERLEY;-58,397918;-34,780341
184;AVENIDA MEEKS & 25 DE MAYO;TEMPERLEY;-58,397356;-34,776318
179;SANTA MARIA DE ORO Y CANGALLO;TEMPERLEY;-58,3955971;-34,7759622
173;JACINTO ROSSO Y VICENTE LONGHI;TEMPERLEY;-58,3944359;-34,7829001
168;CONDARCO & ESTEVEZ CORREA;TEMPERLEY;-58,393517;-34,779591
163;FLORENCIO VARELA & A. DRESCO;TEMPERLEY;-58,392159;-34,786951
160;INDALECIO GÃ³MEZ & GARCÃ­A DE RÃ­O;TEMPERLEY;-58,391123;-34,78495
149;A. GALLARDO Y RIVADAVIA;TEMPERLEY;-58,3907829;-34,7755546
154;VICENTE LONGHI & 30 DE SEPTIEMBRE;TEMPERLEY;-58,39042;-34,787975
153;CONSCRIPTO BERNARDI & ESTEVEZ CORREA;TEMPERLEY;-58,390419;-34,783488
148;INGENIERO MITRE Y CAROLA LORENZINI;TEMPERLEY;-58,389515;-34,7790985
147;VICENTE STEA & CONDARCO;TEMPERLEY;-58,389378;-34,777301
139;VICENTE STEA & JACINTO ROSSO;TEMPERLEY;-58,387631;-34,779531
136;CAROLA LORENZINI Y FLORENCIO VARELA;TEMPERLEY;-58,3868676;-34,7840804
131;INGENIERO MITRE & ALZAGA;TEMPERLEY;-58,386368;-34,77692
129;VICENTE STEA & INDALECIO GOMEZ;TEMPERLEY;-58,386046;-34,781876
747;PASAJE LORETO & 30 DE SEPTIEMBRE;TEMPERLEY;-58,3927337;-34,7892654
749;SANTA ANA & VILLAFAÑES;TEMPERLEY;-58,3941096;-34,787519
809;AVENIDA EVA PERÓN & SOLÍS;TEMPERLEY;-58,3890955;-34,775764
810;AVENIDA ALMIRANTE BROWN & CANGALLO;TEMPERLEY;-58,3923878;-34,7758607
826;MARIANO MORENO & CORONEL SUÁREZ;TEMPERLEY;-58,3995652;-34,7794325
888;PERITO MORENO 238 - ALARMA ;TEMPERLEY;-58,3919651;-34,782965
134;CARLOS CASARES & RIOBAMBA;TEMPERLEY;-58,386615;-34,762538
125;CARLOS CASARES & JUNCAL;TEMPERLEY;-58,385434;-34,764339
113;ITUZAINGÃ³ & GENERAL GÃ¼EMES;TEMPERLEY;-58,382818;-34,764045
107;ZEBALLOS & LUIS SAENZ PEÑA;TEMPERLEY;-58,381673;-34,761172
103;ESMERALDA Y JOAQUIN V. GONZALES;TEMPERLEY;-58,3807561;-34,7648979
99;GENERAL IRIARTE & ZEBALLOS;TEMPERLEY;-58,380054;-34,763634
91;ITUZAINGO Y JOSE MARMOL;TEMPERLEY;-58,3780486;-34,7615222
84;RUBEN DARIO Y JUNCAL;TEMPERLEY;-58,3769455;-34,7599002
81;PROSPERO G. ALLEMANDRI & JOSE MARMOL;TEMPERLEY;-58,376073;-34,764521
79;RUBEN DARIO & ESMERALDA;TEMPERLEY;-58,375408;-34,762137
815;ESMERALDA & BOMBERO ARIÑO;TEMPERLEY;-58,3784864;-34,7637158
897;LA HUERTA 194;TEMPERLEY;-58,3893347;-34,7651287
939;SAENZ PEÑA Y GUEMES ;TEMPERLEY;-58,3839495;-34,7623741
235;SAN BASILIO Y SAN ANTONIO;TEMPERLEY;-58,406752;-34,786208
248;PICHINCHA & INGENIERO LUIS HUERGO;TEMPERLEY;-58,408822;-34,784388
332;SAN BLAS & GENERAL JOSÃ© MARÃ­A PAZ;TEMPERLEY;-58,418966;-34,783897
305;CALLE AVELLANEDA Y SAN ISIDRO;TEMPERLEY;-58,4158616;-34,783703
293;CALLE AVELLANEDA & SAN ROQUE;TEMPERLEY;-58,414508;-34,782995
270;LINIERS & SCALABRINI ORTIZ;TEMPERLEY;-58,411616;-34,782801
329;SAN FRANCISCO & LAVALLE;TEMPERLEY;-58,418608;-34,782229
278;AVELLANEDA & SCALABRINI ORTIZ;TEMPERLEY;-58,4124481;-34,7817646
299;LAVALLE & JUAN BAUTISTA VAGO;TEMPERLEY;-58,415118;-34,780386
275;GENERAL JOSÃ© MARÃ­A PAZ & INGENIERO LUIS HUERGO;TEMPERLEY;-58,412089;-34,780191
250;CALLE AVELLANEDA & SAN PEDRO;TEMPERLEY;-58,408928;-34,779878
254;SAN PEDRO & GRAL. JOSE MARIA PAZ;TEMPERLEY;-58,409703;-34,778936
271;SAN CARLOS & LAVALLE;TEMPERLEY;-58,411672;-34,778574
283;SAN CARLOS & CORONEL PRINGLES;TEMPERLEY;-58,413017;-34,776852
258;MIGUEL ESTANISLAO SOLER & J. M. FERNÃ¡NDEZ;TEMPERLEY;-58,410013;-34,776401
237;LAVALLE & VICENTE LÃ³PEZ;TEMPERLEY;-58,406774;-34,77596
744;CALLE AVELLANEDA & VICENTE LÓPEZ;TEMPERLEY;-58,4052317;-34,7780401
816;LAVALLE & MIGUEL ESTANISLAO SOLER;TEMPERLEY;-58,4092903;-34,7772932
817;GARIBALDI & INGENIERO LUIS HUERGO;TEMPERLEY;-58,4149557;-34,7765291
827;AVENIDA HIPÓLITO YRIGOYEN & GENERAL JOSÉ MARÍA PAZ;TEMPERLEY;-58,4059105;-34,7775871
245;DORREGO & GARIBALDI;TEMPERLEY;-58,407814;-34,772719
214;ITALIA & GARIBALDI;TEMPERLEY;-58,402885;-34,770072
205;GENERAL JOSÃ© TOMÃ¡S GUIDO & J. M. FERNÃ¡NDEZ;TEMPERLEY;-58,401805;-34,77197
196;CORONEL PRINGLES & ESPAÃ±A;TEMPERLEY;-58,400215;-34,769909
188;AVENIDA MEEKS & LAVALLE;TEMPERLEY;-58,397919;-34,771213
177;ANCHORENA & ALBERDI;TEMPERLEY;-58,395364;-34,77346
176;JUNCAL & Ã�NGEL GALLARDO;TEMPERLEY;-58,395316;-34,769682
170;COLÃ³N & RIOBAMBA;TEMPERLEY;-58,393922;-34,767044
156;ANCHORENA & COLÃ³N;TEMPERLEY;-58,390642;-34,771406
155;JUNCAL & LUCIO V. LÃ³PEZ;TEMPERLEY;-58,39058;-34,767109
151;ZUVIRÃ­A & LUIS SÃ¡ENZ PEÃ±A;TEMPERLEY;-58,390273;-34,765674
143;GENERAL IRIARTE & ZUVIRÃ­A;TEMPERLEY;-58,388134;-34,767747
142;EMILIO CASTRO & GONZÃ¡LEZ CHAVES;TEMPERLEY;-58,388121;-34,772213
140;EMILIO CASTRO & CANGALLO;TEMPERLEY;-58,387966;-34,773025
137;14 DE JULIO 630;TEMPERLEY;-58,3868895;-34,7708775
967;MANUEL FERNANDEZ 12;TEMPERLEY;-58,3981341;-34,7699272
980;J. M. FERNÁNDEZ & AVENIDA MEEKS;TEMPERLEY;-58,3980864;-34,7699559
458;ADROGUE & 9 DE FEBRERO;LLAVALLOL;-58,432924;-34,796192
454;LUJAN & PADRE JAVIER;LLAVALLOL;-58,432206;-34,8111
446;TÃºPAC AMARU & DIEGO GIBSON;LLAVALLOL;-58,431426;-34,802638
436;ALBERDI & EL ROSEDAL;LLAVALLOL;-58,430702;-34,792885
431;INCA & JOSÃ© HERNÃ¡NDEZ;LLAVALLOL;-58,430334;-34,806791
429;CUYO & WILDE;LLAVALLOL;-58,43001;-34,81253
423;LUZURIAGA & ARISTÃ³BULO DE VALLE;LLAVALLOL;-58,429277;-34,796284
375;SILVA Y PADRE  JAVIER;LLAVALLOL;-58,4290761;-34,8152986
420;MOLDES & NESTOR DE LA PEÃ±A;LLAVALLOL;-58,429064;-34,789261
411;AÃ±ASCO & COMANDANTE LUIS PIEDRABUENA;LLAVALLOL;-58,428264;-34,793388
405;1 DE MARZO & TÃºPAC AMARU;LLAVALLOL;-58,427718;-34,807488
403;LEGISLADORES & ARRIBEÃ‘OS;LLAVALLOL;-58,427461;-34,787059
398;LUIS DAVILA & JOSE HERNANDEZ;LLAVALLOL;-58,426593;-34,811751
397;NESTOR DE LA PEÃ±A & DOCTOR GARCÃ­A;LLAVALLOL;-58,4264993;-34,793484
393;DARDO ROCHA & EL ROSEDAL;LLAVALLOL;-58,426326;-34,791209
388;CUYO & TÃºPAC AMARU;LLAVALLOL;-58,425614;-34,810224
386;N. SILVA & JOSE HERNANDEZ;LLAVALLOL;-58,425362;-34,813422
385;MONTES DE OCA & LAS ORCADAS;LLAVALLOL;-58,425342;-34,795409
381;KURTH & RAMON PARETA;LLAVALLOL;-58,424965;-34,803195
379;LA HUELLA & GENERAL JOSÃ© MARÃ­A PAZ;LLAVALLOL;-58,424271;-34,787353
376;ANTONIO SASTRE & TÃºPAC AMARU;LLAVALLOL;-58,424055;-34,811662
374;PROGRESO & CRAMER;LLAVALLOL;-58,42386;-34,790153
364;LUIS DAVILA & GRAL. NECOCHEA;LLAVALLOL;-58,422872;-34,809884
362;DANIEL ENZ & CHARLONE;LLAVALLOL;-58,422781;-34,800164
471;9 DE FEBRERO & EL ROSEDAL;LLAVALLOL;-58,434309;-34,794372
473;LUZURIAGA & HÃºSARES;LLAVALLOL;-58,434556;-34,78922
479;LIBRES DE SUR & BV. SANTA CATALINA;LLAVALLOL;-58,4354993;-34,7952572
484;PADRE JAVIER & MAGALLANES;LLAVALLOL;-58,435858;-34,806255
492;9 DE FEBRERO & ARRIBEÑOS;LLAVALLOL;-58,4363764;-34,7915625
755;UCRANIA & ANTÁRTIDA ARGENTINA;LLAVALLOL;-58,434318;-34,8026967
763;PRIMERO DE MARZO  Y NECOCHEA ;LLAVALLOL;-58,4243918;-34,8058917
764;DUHALDE & GERMAN KURTH;LLAVALLOL;-58,4328759;-34,8073182
777;INCA & BAHÍA BLANCA;LLAVALLOL;-58,4348516;-34,8090501
813;OLAVARRÍA & SAN AGUSTÍN;LLAVALLOL;-58,4340074;-34,7875367
818;FRIEDRICHS Y ADROGUE;LLAVALLOL;-58,4317686;-34,795202
819;ANTÁRTIDA ARGENTINA & DUHALDE;LLAVALLOL;-58,4367062;-34,8038847
820;UCRANIA & SANTOS VEGA;LLAVALLOL;-58,4302615;-34,8094606
821;SANTOS VEGA & RAMÓN PARETA;LLAVALLOL;-58,4241434;-34,8042552
822;ANTÁRTIDA ARGENTINA 2033;LLAVALLOL;-58,4293048;-34,8001696
823;POLONIA & ANTÁRTIDA ARGENTINA;LLAVALLOL;-58,4310966;-34,8010846
824;MONTES DE OCA & LOS LAURELES;LLAVALLOL;-58,4245715;-34,7951047
825;ARGERICH & TACUARÍ;LLAVALLOL;-58,4236858;-34,7955058
887;WILDE Y MELBER- ALARMA ;LLAVALLOL;-58,4309479;-34,8112622
1003;MOLDES & LUZURIAGA;LLAVALLOL;-58,4330396;-34,7912707
1004;KURT Y HERNANDEZ;LLAVALLOL;-58,4307242;-34,8062794
1034;POLONIA & SILVA;LLAVALLOL;-58,4226108;-34,8121139
1037;ALARMA;LLAVALLOL;-58,4288739;-34,8140538
1039;ASCASUBI & TÚPAC AMARU;LLAVALLOL;-58,4298936;-34,8046188
445;SAN AGUSTIN Y DARDO ROCHA ;LLAVALLOL;-58,4298656;-34,7854264
468;MADRID Y PRINGLES ;LLAVALLOL;-58,4266953;-34,7840212
890;MONACO Y ARAGUAYA ;LLAVALLOL;-58,42348;-34,7845981
929;NESTOR DE LA PEÑA 742;LLAVALLOL;-58,4316752;-34,7860159
353;IRALA & AVENIDA DEL REY;LLAVALLOL;-58,421759;-34,792802
351;MACHADO DE ASIS & 25 DE MAYO;LLAVALLOL;-58,421414;-34,789359
350;DOCTOR JORGE MELBER & DOYHENARD;LLAVALLOL;-58,421377;-34,806301
341;LA PORTEÃ±A & 1 DE MARZO;LLAVALLOL;-58,420605;-34,804076
335;ANTARTIDA ARGENTINA & MENDOZA;LLAVALLOL;-58,419481;-34,795158
333;ARAGON & 25 DE MAYO;LLAVALLOL;-58,419356;-34,788489
330;LA PORTEÃ‘A & CUYO;LLAVALLOL;-58,418616;-34,80672
320;RONDEAU & DOCTOR JORGE MELBER;LLAVALLOL;-58,41774;-34,804509
310;DIEGO GIBSON & EL CHACO;LLAVALLOL;-58,416581;-34,794773
304;N. SILVA & CHARLONE;LLAVALLOL;-58,415757;-34,808648
296;CUYO & ROSALES;LLAVALLOL;-58,414663;-34,805161
355;ALMIRANTE SEGUÃ & BOUCHARD ;LLAVALLOL;-58,4137159;-34,8080106
284;JUAN B. JUSTO & 1Â° DE MARZO;LLAVALLOL;-58,413356;-34,79997
277;ANTONIO SASTRE & DEAN FUNES;LLAVALLOL;-58,412302;-34,806441
256;ANTONIO SASTRE & JUAN B. JUSTO;LLAVALLOL;-58,409828;-34,804655
251;MERCEDES & JACINTO VIERA;LLAVALLOL;-58,409168;-34,801393
792;LA HUELLA Y VICTORIA ;LLAVALLOL;-58,4217359;-34,7907135
894;SILVA Y WRIGHT ;LLAVALLOL;-58,4079691;-34,8051082
900;FRIAS 3113;LLAVALLOL;-58,4125631;-34,7958203
907;MARIÑO 2126;LLAVALLOL;-58,4198566;-34,7911785
915;PARETA 1081;LLAVALLOL;-58,4214281;-34,8080605
942;LUJAN Y SAN VLADMIRO;LLAVALLOL;-58,4136649;-34,8012817
999;ALMIRANTE F. J. SEGUÍ & ROSALES;LLAVALLOL;-58,4123144;-34,808137
1029;9 DE JULIO Y ARAGUAYA;LLAVALLOL;-58,4183504;-34,791498
1047;1 DE MARZO & AVENIDA DEL REY;LLAVALLOL;-58,4171429;-34,8018863
105;SERRANO & GENERAL CAPDEVILA;BANFIELD;-58,380872;-34,74225
102;COCHABAMBA & GRANADEROS;BANFIELD;-58,380599;-34,746076
100;GRAL. CAMPOS & MATHEU;BANFIELD;-58,380276;-34,75222
98;GENERAL CAPDEVILA & AVENIDA CASTRO BARROS;BANFIELD;-58,379851;-34,740218
97;RODRIGUEZ BRITO & MIGUEL CANE;BANFIELD;-58,379662;-34,749876
95;GRAL. CAMPOS & PEDERNERA;BANFIELD;-58,379347;-34,753791
94;RINCON & PRESIDENTE DERQUI;BANFIELD;-58,378709;-34,744273
89;MONSENOR ALEJANDRO SCHELL & RODRIGUEZ BRITO;BANFIELD;-58,37798;-34,752048
87;MIGUEL CANE & PRESIDENTE QUINTANA;BANFIELD;-58,37759;-34,748771
82;CABRERA & 11 DE SEPTIEMBRE;BANFIELD;-58,376301;-34,74247
74;BELISARIO ROLDAN & PEÑA;BANFIELD;-58,373513;-34,743519
72;GENERAL PINTOS & BOULOGNE SUR MER;BANFIELD;-58,373314;-34,747565
70;11 DE SEPTIEMBRE & PEDERNERA;BANFIELD;-58,373201;-34,750537
69;CERRITO & CARHUE;BANFIELD;-58,373103;-34,754303
67;GRANADEROS Y BUENOS AIRES;BANFIELD;-58,372377;-34,741545
66;BELISARIO ROLDAN & MELO;BANFIELD;-58,3718224;-34,7447104
63;PEDERNERA & BELISARIO ROLDAN;BANFIELD;-58,370739;-34,749254
58;CAPITAN ROJAS & GUARDIA NACIONAL;BANFIELD;-58,36913;-34,751072
57;BUENOS AIRES & EZEIZA;BANFIELD;-58,368676;-34,746468
774;GRANADEROS & SERRANO;BANFIELD;-58,3770738;-34,7440428
784;MANUELITA ROSAS Y  PINTOS;BANFIELD;-58,3741202;-34,7479461
785;BARCELO Y EZEIZA ;BANFIELD;-58,3668321;-34,7455669
811;PRESIDENTE QUINTANA & RINCÓN;BANFIELD;-58,3797865;-34,743121
898;BOULOUGNE SUR MER 401;BANFIELD;-58,3722071;-34,7489994
952;LANUS Y LA PLATA;BANFIELD;-58,3690373;-34,7476816
981;LAMADRID 1761;BANFIELD;-58,3757162;-34,7532201
1009;JULIO CORTÁZAR & MONSEÑOR ALEJANDRO SCHELL;BANFIELD;-58,3804901;-34,7533526
159;CABRERA & BELGRANO;BANFIELD;-58,39092;-34,738836
158;GASCÃ³N & PUEYRREDÃ³N;BANFIELD;-58,390919;-34,747436
152;PUEYRREDON & COCHABAMBA;BANFIELD;-58,390417;-34,744794
150;VIAMONTE & MEDRANO;BANFIELD;-58,38973;-34,748813
146;CASTRO BARROS & PUEYRREDON;BANFIELD;-58,388999;-34,737923
144;VIAMONTE & TALCAHUANO;BANFIELD;-58,38857;-34,74265
138;GENERAL ARENALES & MAIPÃº;BANFIELD;-58,387315;-34,74399
135;GRANADEROS & GENERAL LEVALLE;BANFIELD;-58,386623;-34,749387
132;AVENIDA CASTRO BARROS & GENERAL ARENALES;BANFIELD;-58,386404;-34,738325
130;PASAJE DIEZ CABALLERO & GENERAL LEVALLE;BANFIELD;-58,386267;-34,747362
123;SERRANO Y GRAL. LEVALLE;BANFIELD;-58,384973;-34,741059
121;GENERAL PALACIOS & COCHABAMBA;BANFIELD;-58,384699;-34,745518
119;GALLO & GRAL. PALACIOS;BANFIELD;-58,384051;-34,750173
115;CABRERA & GENERAL PALACIOS;BANFIELD;-58,383118;-34,740478
114;MIGUEL CANE Y PALACIOS;BANFIELD;-58,3830172;-34,7515792
112;BUSTOS Y GRAL CAMPOS;BANFIELD;-58,3826382;-34,7431246
111;GENERAL PINTOS & GENERAL PALACIOS;BANFIELD;-58,382445;-34,752336
758;GENERAL CAPDEVILA & PEÑA;BANFIELD;-58,3823184;-34,7481047
781;BELGRANO & PRESBITERO JOSÉ MALABIA;BANFIELD;-58,3902787;-34,7364751
782;GENERAL CAPDEVILA & PEÑA;BANFIELD;-58,3823184;-34,7481047
902;VIAMONTE 1896;BANFIELD;-58,3879118;-34,7393392
914;CAMPOS 894;BANFIELD;-58,3824806;-34,7493436
180;CARLOS PELLEGRINI & GALLO;BANFIELD;-58,395988;-34,750317
186;LEANDRO N. ALEM & LAS HERAS;BANFIELD;-58,397496;-34,750096
987;LAS HERAS & MANUEL CASTRO;BANFIELD;-58,4018422;-34,749511
979;PEÑA 166;BANFIELD;-58,3933284;-34,7494036
807;AVENIDA ADOLFO ALSINA & MEDRANO;BANFIELD;-58,3942072;-34,7486457
970;MEDRANO 171;BANFIELD;-58,3931674;-34,7483365
930;CMA;BANFIELD;-58,4059178;-34,7480748
224;BERNARDO DE MONTEAGUDO & GENERAL JOSÃ© DE SAN MARTÃ­N;BANFIELD;-58,404554;-34,74793
190;MARTIN CAPELLO Y MANUEL ACEVEDO;BANFIELD;-58,3984299;-34,7475614
934;AV. HIPÓLITO YRIGOYEN 7896;BANFIELD;-58,3996402;-34,747278
925;AV. ADOLFO ALSINA 893;BANFIELD;-58,3940416;-34,7468612
988;ALVEAR 920;BANFIELD;-58,4061763;-34,7483633
989;AVENIDA HIPÓLITO YRIGOYEN & MARTÍN CAPELLO;BANFIELD;-58,3997777;-34,7473796
991;AVENIDA ADOLFO ALSINA & GASCÓN;BANFIELD;-58,3938663;-34,7470223
992;MEDRANO 178;BANFIELD;-58,3929585;-34,7482148
96;FONROUGE Y PALACIOS;BANFIELD;-58,3793698;-34,7563319
90;GRAL. CAMPOS & FONROUGE;BANFIELD;-58,377986;-34,755642
354;BERNARDO DE MONTEAGUDO & VETERE;BANFIELD;-58,421807;-34,745674
349;ALBERTO LARROQUE & VETERE;BANFIELD;-58,421288;-34,741879
346;DOMINGO FRENCH & VETERE;BANFIELD;-58,420946;-34,739298
344;MARCOS GRIGERA & FRANCISCO MONTERO;BANFIELD;-58,420762;-34,743268
338;BELELLI & MARTIN CAPELLO;BANFIELD;-58,420231;-34,744625
334;RODRIGUEZ PEÃ±A & BELELLI;BANFIELD;-58,419377;-34,738246
321;AVENIDA SANTA FE & DOMINGO FRENCH;BANFIELD;-58,418097;-34,739546
317;MARTIN CAPELLO Y ESTRADA;BANFIELD;-58,4174444;-34,7449935
309;ESTRADA Y RODRIGUEZ PEÃ±A;BANFIELD;-58,4165263;-34,7384902
307;ESTRADA & J. DARRAGUEIRA;BANFIELD;-58,416244;-34,736124
302;VIEYTES & COMAHUE;BANFIELD;-58,415578;-34,737508
297;ANTONIO BERUTTI & PAYRÃ³ ROBERTO J.;BANFIELD;-58,414905;-34,741288
290;ARÃ¡OZ & COMAHUE;BANFIELD;-58,414058;-34,733838
287;13 DE DICIEMBRE & PAYRÃ³ ROBERTO J.;BANFIELD;-58,413699;-34,735787
282;ANTONIO MENTRUYT & RODRIGUEZ PEÃ±A;BANFIELD;-58,412938;-34,739279
268;CERROS COLORADOS & SUPE;BANFIELD;-58,411397;-34,737414
244;TUCUMAN Y CAPELLO;BANFIELD;-58,4113381;-34,7458061
264;TUCUMÃ¡N & ANTONIO BERUTTI;BANFIELD;-58,410589;-34,742024
261;TUCUMÃ¡N & DOMINGO FRENCH;BANFIELD;-58,410414;-34,740994
255;TUCUMÃ¡N & J. DARRAGUEIRA;BANFIELD;-58,409738;-34,737171
253;ALMAFUERTE & ALBERTO LARROQUE;BANFIELD;-58,409379;-34,743415
249;DOMINGO FRENCH & ALMAFUERTE;BANFIELD;-58,408919;-34,741257
263;ARÃ¡OZ & MANUEL BALIÃ±A;BANFIELD;-58,4075596;-34,7348505
753;VIEYTES & PASAJE PALLICH;BANFIELD;-58,4184795;-34,7370892
797;TUCUMÁN 1975;BANFIELD;-58,4092001;-34,7349654
798;ANTONIO MENTRUYT & J. DARRAGUEIRA;BANFIELD;-58,4120148;-34,7366942
799;ALBERTO LARROQUE 1159;BANFIELD;-58,4118797;-34,7429188
973;MENTRUYT Y GRIGERA;BANFIELD;-58,4139944;-34,7440636
319;ESTRADA & LAS HERAS;BANFIELD;-58,417722;-34,747214
174;LAS HERAS & MENTRUYT;BANFIELD;-58,4148057;-34,7476036
294;ANTONIO MENTRUYT & BERNARDO DE MONTEAGUDO;BANFIELD;-58,414572;-34,746563
754;BALIÑA & MONTEAGUDO;BANFIELD;-58,4131739;-34,7467721
210;FÃ©LIX DE AZARA & MARCOS GRIGERA;BANFIELD;-58,402542;-34,745784
169;AVENIDA ADOLFO ALSINA & CHACABUCO;BANFIELD;-58,393689;-34,745607
924;AV. HIPÓLITO YRIGOYEN 7754;BANFIELD;-58,39931;-34,7455816
985;AV. HIPÓLITO YRIGOYEN 7740;BANFIELD;-58,399186;-34,7455395
239;CARLOS CROCE & MARCOS GRIGERA;BANFIELD;-58,406907;-34,745152
189;ACEVEDO Y LARROQUE;BANFIELD;-58,39792;-34,745059
222;GENERAL JOSÃ© DE SAN MARTÃ­N & ALBERTO LARROQUE;BANFIELD;-58,403746;-34,744288
917;VERGARA 1400;BANFIELD;-58,3948452;-34,7442251
200;MANUEL CASTRO & ANTONIO BERUTTI;BANFIELD;-58,400616;-34,74348
910;BERUTTI 600;BANFIELD;-58,4034945;-34,743106
185;DOMINGO FRENCH & MANUEL ACEVEDO;BANFIELD;-58,397465;-34,742714
232;CARLOS CROCE & ANTONIO BERUTTI;BANFIELD;-58,406361;-34,742687
198;MANUEL CASTRO & DOMINGO FRENCH;BANFIELD;-58,400401;-34,742325
966;VALENTIN VERGARA 1557;BANFIELD;-58,394371;-34,7422538
204;DOMINGO FRENCH & FÃ©LIX DE AZARA;BANFIELD;-58,401789;-34,742144
226;DOMINGO FRENCH Y ALVEAR;BANFIELD;-58,4047265;-34,7417881
935;RINCÓN 230;BANFIELD;-58,3922771;-34,7409131
986;RINCÓN 232;BANFIELD;-58,3922512;-34,7407986
215;GENERAL JOSÃ© DE SAN MARTÃ­N & RODRIGUEZ PEÃ±A;BANFIELD;-58,403022;-34,740766
959;RINCON Y VERGARA;BANFIELD;-58,394193;-34,7406379
240;RODRIGUEZ PEÃ±A & JOSÃ© MARÃ­A PENNA;BANFIELD;-58,407269;-34,740236
194;MANUEL CASTRO & VIEYTES;BANFIELD;-58,399847;-34,73983
164;AVENIDA ADOLFO ALSINA & SERRANO;BANFIELD;-58,392549;-34,739765
223;GENERAL CARLOS MARÃ­A DE ALVEAR & VIEYTES;BANFIELD;-58,404134;-34,73917
209;GENERAL JOSÃ© DE SAN MARTÃ­N & J. DARRAGUEIRA;BANFIELD;-58,40249;-34,738225
175;LEANDRO N. ALEM & TOMÃ¡S GODOY CRUZ;BANFIELD;-58,395159;-34,738153
783;MANUEL CASTRO Y GODOY CRUZ;BANFIELD;-58,3993346;-34,7374134
167;VALENTIN VERGARA Y CASTRO BARROS;BANFIELD;-58,3934788;-34,7371908
233;JOSÃ© MARÃ­A PENNA & TOMÃ¡S GODOY CRUZ;BANFIELD;-58,406434;-34,736292
199;ARÃ¡OZ & FÃ©LIX DE AZARA;BANFIELD;-58,400451;-34,735992
227;ARÃ¡OZ & CARLOS CROCE;BANFIELD;-58,404803;-34,735288
990;COCHABAMBA 250;BANFIELD;-58,3926328;-34,7444707
457;MARIANO BOEDO Y FEDERICO CHOPIN;LOMAS;-58,4328769;-34,7549678
104;PEDERNERA Y GRAL PALACIOS;LOMAS;-58,3808163;-34,7545723
128;MELO & LUGANO;LOMAS;-58,386021;-34,752944
120;MIGUEL CANE & GENERAL LEVALLE;LOMAS;-58,384645;-34,752432
1013;MONSEÑOR ALEJANDRO SCHELL & GENERAL LEVALLE;LOMAS;-58,3829405;-34,7546377
407;AMADO NERVO & SÃ¡NCHEZ DE BUSTAMANTE;LOMAS;-58,427974;-34,766538
400;CASEROS & CORRIENTES;LOMAS;-58,4268599;-34,7691597
380;MONSEÑOR CHIMENTO Y ENTRE RIOS;LOMAS;-58,4249029;-34,7682302
370;GRAL. FRIAS & LAGO ARGENTINO;LOMAS;-58,423754;-34,772399
369;RIO TURBIO Y GENERAL FRIAS;LOMAS;-58,423659;-34,7715206
367;GRAL. FRIAS & SANCHEZ DE BUSTAMANTE;LOMAS;-58,423426;-34,767159
359;GENERAL ANTONIO JOSÃ© DE SUCRE & MONSEÃ±OR CHIMENTO;LOMAS;-58,422354;-34,768555
347;CASEROS & 24 DE MAYO;LOMAS;-58,421198;-34,769961
229;JOSÃ© PEREYRA LUCENA & AZARA ;LOMAS;-58,4041893;-34,7539743
181;ALBERTI Y LAS VIAS;LOMAS;-58,396385;-34,7539372
904;ACEVEDO 618;LOMAS;-58,3995879;-34,7533791
843;JUAN JOSÉ CASTELLI Y ALVEAR;LOMAS;-58,4070159;-34,7524293
182;PEDRO GOYENA & SUBTENIENTE MOLINERO;LOMAS;-58,396709;-34,752097
166;MELO & BELGRANO;LOMAS;-58,393277;-34,75195
208;JUAN JOSE PASO Y MANUEL CASTRO;LOMAS;-58,4023346;-34,7518973
219;FELIX DE AZARA Y JUAN LARREA;LOMAS;-58,4034627;-34,7506107
220;FELIX DE AZARA & JUAN LARREA;LOMAS;-58,403492;-34,750565
594;ACEVEDO 867;LOMAS;-58,3987814;-34,7502664
1015;JUAN JOSÉ PASO & PEDRO GOYENA;LOMAS;-58,3968759;-34,7526242
178;SARANDÃ­ & POZOS;LOMAS;-58,395526;-34,762535
172;PEDERNERA & BELGRANO;LOMAS;-58,394389;-34,757839
171;JUNIN & LAS PIEDRAS;LOMAS;-58,394313;-34,765013
165;PUEYRREDON & MONSEÃ‘OR SHEL;LOMAS;-58,392738;-34,7568867
162;FONROUGE & VIAMONTE;LOMAS;-58,391982;-34,760553
161;MATHEU & VIAMONTE;LOMAS;-58,391153;-34,755868
157;LA HUERTA Y CERRITO;LOMAS;-58,3906984;-34,7635044
141;PEDERNERA & AMERO;LOMAS;-58,388119;-34,758355
133;LAMADRID Y PIROVANO;LOMAS;-58,3864514;-34,7588342
127;PEDERNERA Y CALLE NICORA;LOMAS;-58,3859961;-34,7572554
124;LAMADRID Y C. NICORA;LOMAS;-58,3852312;-34,7582319
118;CERRITO Y NICORA;LOMAS;-58,3839669;-34,7599399
117;PEDERNERA Y LUGANO;LOMAS;-58,3835844;-34,7559848
108;CERRITO & BOMBERO ARIÃ±O;LOMAS;-58,381735;-34,758796
101;GRAL LEVALLE Y CERRITO;LOMAS;-58,3803743;-34,7580482
908;FONRROUGE 199;LOMAS;-58,3949183;-34,7601912
912;LAMADRID Y PUEYRREDON;LOMAS;-58,3932044;-34,7591089
968;ALMIRANTE BROWN 2163;LOMAS;-58,3965242;-34,7618226
975;AV. ALMTE. BROWN 2163;LOMAS;-58,3965571;-34,7619365
1006;LAMADRID & GENERAL LEVALLE;LOMAS;-58,3816491;-34,756329
1017;PIROVANO & MATHEU;LOMAS;-58,3879184;-34,7562522
363;J. DE GALINDEZ & SEGUNDA ANDES;LOMAS;-58,422812;-34,777811
303;FRAY LUIS BELTRÃ¡N & LAUREANO OLIVER;LOMAS;-58,415748;-34,775521
361;OLIDEN & GENERAL ANTONIO JOSÃ© DE SUCRE;LOMAS;-58,422605;-34,77483
336;CORONEL JUSTO G. BERMÃºDEZ & RICHIERI;LOMAS;-58,419614;-34,774675
394;LAGO ALUMINÃ© & PICO TRUNCADO;LOMAS;-58,426378;-34,776019
780;SEVILLA & RICHIERI;LOMAS;-58,4242866;-34,7772019
893;SUCRE Y OLIVER;LOMAS;-58,4201628;-34,7778529
1019;RICHIERI & 24 DE MAYO;LOMAS;-58,4206851;-34,775252
401;JUAN A. GARONA & AMADO NERVO;LOMAS;-58,426983;-34,761849
399;CORONEL RAMON FALCON & MAESTRA CATALINA RODRIGUEZ;LOMAS;-58,426624;-34,764236
383;AVENIDA COLOMBRES & CORRIENTES;LOMAS;-58,425032;-34,760794
382;CATAMARCA & CORONEL RAMÃ³N FALCÃ³N;LOMAS;-58,424969;-34,764484
378;MARIANO BOEDO & 12 DE OCTUBRE;LOMAS;-58,424256;-34,75614
373;LAPRIDA & VETERE;LOMAS;-58,423852;-34,757438
371;SIXTO FERNANDEZ & ENTRE RIOS;LOMAS;-58,423768;-34,763455
360;GALLARDON & ANTONIO SÃ¡ENZ;LOMAS;-58,422601;-34,755031
357;LORIA Y GENERAL FRIAS;LOMAS;-58,4221209;-34,7599419
340;GRAL. ANTONIO SUCRE & LORIA;LOMAS;-58,420571;-34,760145
331;LAPRIDA & PAYRO;LOMAS;-58,418709;-34,758136
328;SIXTO FERNANDEZ Y BOQUERON;LOMAS;-58,4184967;-34,7642143
327;MARIANO BOEDO Y PAYRO ROBERTO J.;LOMAS;-58,4184436;-34,7569326
326;BOQUERON & JUAN A. GARONA;LOMAS;-58,4182632;-34,7630935
318;JOSE IGNACIO GORRITI & BOQUERON;LOMAS;-58,417529;-34,759447
312;ANTONIO SAENZ & ANTONIO MENTRUYT;LOMAS;-58,416808;-34,755866
311;AV. COLOMBRES & FRAY LUIS BELTRAN;LOMAS;-58,41664;-34,761991
301;LORIA 1250 (E/ BELTRAN Y POSADAS);LOMAS;-58,4155427;-34,761149
291;LAPRIDA & TUCUMÃ¡N;LOMAS;-58,414264;-34,758789
286;IGNACIO Ã�LVAREZ THOMAS & JUAN A. GARONA;LOMAS;-58,413682;-34,763759
276;JOSE IGNACIO GORRITI & MONSEÑOR SOLARI;LOMAS;-58,4122382;-34,7602285
272;LORIA Y OLAZABAL;LOMAS;-58,411797;-34,7614463
262;JOSE MARIA PENNA & FRANCISCO PORTELA;LOMAS;-58,410504;-34,755584
260;LORIA & EUSTAQUIO DIAZ VELEZ;LOMAS;-58,410394;-34,761659
257;LAPRIDA Y CARLOS CROCE;LOMAS;-58,4099138;-34,7594033
243;GENERAL CARLOS MARÃ­A DE ALVEAR & FRANCISCO PORTELA;LOMAS;-58,407712;-34,755964
241;LORIA & SIMON BOLIVAR;LOMAS;-58,407511;-34,76211
238;GRAL. JOSE DE SAN MARTIN 46;LOMAS;-58,406896;-34,759106
225;SARMIENTO & LORIA;LOMAS;-58,404559;-34,762552
221;MANUEL CASTRO & ANTONIO SÃ¡ENZ;LOMAS;-58,403521;-34,757736
216;PEDRO IGNACIO RIVERA & MANUEL CASTRO;LOMAS;-58,40306;-34,755435
195;JOSE IGNACIO GORRITI & LEANDRO N. ALEM;LOMAS;-58,399906;-34,76191
193;FRANCISCO PORTELA & LEANDRO N. ALEM;LOMAS;-58,3989071;-34,757196
756;MANUEL ACEVEDO 300;LOMAS;-58,4003548;-34,7570078
828;MARIANO BOEDO & MANUEL ACEVEDO;LOMAS;-58,4006125;-34,7593674
829;JOSÉ PEREYRA LUCENA & LEANDRO N. ALEM;LOMAS;-58,3985033;-34,7550485
844;FRANCISCO PORTELA & FÉLIX DE AZARA;LOMAS;-58,4046853;-34,7563953
845;ANTONIO SÁENZ & FÉLIX DE AZARA;LOMAS;-58,4044045;-34,7575939
846;MARIANO BOEDO & TUCUMÁN;LOMAS;-58,4145954;-34,75748
849;LAPRIDA & JULIO MASSENET;LOMAS;-58,4263098;-34,7570446
920;BALDOMERO FERNÁNDEZ MORENO 120;LOMAS;-58,4270143;-34,7583311
932;AV. HIPÓLITO YRIGOYEN 9243;LOMAS;-58,4033375;-34,7632656
938;MONSEÑOR PIAGGIO & JUAN A. GARONA;LOMAS;-58,4095103;-34,7643137
950;PJE GONZALEZ Y LORIA ;LOMAS;-58,4039678;-34,7632886
993;AVENIDA COLOMBRES & 24 DE MAYO;LOMAS;-58,4194057;-34,7615916
996;LORIA 648;LOMAS;-58,4066941;-34,7622738
478;LÃ³PEZ BUCHARDO & AMANCIO WILLIAMS;LOMAS;-58,435199;-34,751423
464;PEDRO MASCAGNI & ANTONIO SÃ¡ENZ;LOMAS;-58,43341;-34,753422
453;PEDRO IGNACIO RIVERA & FEDERICO CHOPIN;LOMAS;-58,432185;-34,751269
424;MARIANO BOEDO Y FELIPE BOERO;LOMAS;-58,4295105;-34,755411
422;FELIPE BOERO 165;LOMAS;-58,429225;-34,754503
412;JUAN LARREA Y FELIPE BOERO;LOMAS;-58,4282887;-34,7468758
409;FRANCISCO PORTELA & JOSE VERDI;LOMAS;-58,428182;-34,752963
406;JOSÃ© PEREYRA LUCENA & JOSE VERDI;LOMAS;-58,427736;-34,750579
395;ANTONIO SAENZ Y CAYETANO DONIZETTI;LOMAS;-58,4264181;-34,7543595
387;JOSE PEREYRA LUCENA Y CAYETANO DONIZETTI;LOMAS;-58,4255099;-34,7508927
372;JUAN JOSÃ© PASO & 12 DE OCTUBRE;LOMAS;-58,423771;-34,748745
368;JOSE PEREYRA LUCENA Y 12 DE OCTUBRE;LOMAS;-58,4235664;-34,7511685
365;FRANCISCO PORTELA & VETERE;LOMAS;-58,423026;-34,753689
356;VETERE Y JUAN LARREA;LOMAS;-58,4220906;-34,747817
345;JUAN JOSE PASO & BELELLI;LOMAS;-58,420817;-34,749198
343;JUAN LARREA Y BELELLI;LOMAS;-58,420693;-34,74803
339;PEDRO IGNACIO RIVERA & AVENIDA SANTA FE;LOMAS;-58,420478;-34,752839
325;JUAN JOSE CASTELLI & ESTRADA;LOMAS;-58,418194;-34,750774
314;JOSÃ© PEREYRA LUCENA & PAYRÃ³ ROBERTO J.;LOMAS;-58,417092;-34,752148
298;FRANCISCO PORTELA Y MANUEL BALIÑA;LOMAS;-58,4150904;-34,7549085
281;JULIAN AGUIRRE Y JUAN LARREA;LOMAS;-58,4129013;-34,7492016
279;JOSÃ© PEREYRA LUCENA & TUCUMÃ¡N;LOMAS;-58,412866;-34,752803
266;ALMAFUERTE &Â  JUAN JOSE CASTELLI;LOMAS;-58,4111931;-34,7518261
246;JUAN LARREA & CARLOS CROCE;LOMAS;-58,407908;-34,74994
745;JUAN JOSÉ CASTELLI & JOSÉ MARÍA PENNA;LOMAS;-58,4097264;-34,7520338
759;MANUEL DE FALLA & FRANCISCO PORTELA;LOMAS;-58,4302814;-34,752684
848;FRANCISCO PORTELA & AVENIDA SANTA FE;LOMAS;-58,420822;-34,7541093
891;FALLA Y PEREYRA LUCENA ;LOMAS;-58,4298338;-34,7503241
945;PASO Y JULIAN AGUIRRE;LOMAS;-58,4131641;-34,750309
958;AMANCIO WILLIAMS 2908;LOMAS;-58,4331159;-34,7500531
1010;JUAN LARREA & MARGIN ROCA;LOMAS;-58,4261746;-34,7472071
1024;PAYRÓ ROBERTO Y CASTELLI;LOMAS;-58,4168611;-34,7507954
1026;JUAN JOSÉ CASTELLI & GREGORIA PÉREZ;LOMAS;-58,4280766;-34,7492887
1027;LAS TROPAS & DOCTOR TOMÁS ITURRIOZ;LOMAS;-58,4299016;-34,7478284
1050;ANTONIO SÁENZ & JULIO MASSENET;LOMAS;-58,4251613;-34,7545802
419;LAS HERAS & GUTENBERG;LOMAS;-58,428861;-34,745686
342;24 DE MAYO & SÃ¡NCHEZ DE BUSTAMANTE;LOMAS;-58,420675;-34,767535
847;24 DE MAYO & CALLE MOLINA ARROTEA;LOMAS;-58,4203422;-34,765946
337;RÃ­O TURBIO & BOQUERÃ³N;LOMAS;-58,420205;-34,771891
348;FALCON Y BOQUERON ;LOMAS;-58,418688;-34,7653829
323;FRAY LUIS BELTRÃ¡N & MONSEÃ±OR JUAN CHIMENTO;LOMAS;-58,418141;-34,769175
322;OLIDEN & FRAY LUIS BELTRÃ¡N;LOMAS;-58,418138;-34,772458
793;PAVON Y POSADAS ;LOMAS;-58,4170808;-34,7715174
308;GERVASIO ANTONIO POSADAS 745;LOMAS;-58,4163797;-34,7681723
313;RICHIERI Y ALVAREZ THOMAS ;LOMAS;-58,4149112;-34,7722142
292;CALLE MOLINA ARROTEA & IGNACIO Ã�LVAREZ THOMAS;LOMAS;-58,414503;-34,76725
288;OLAZÃ¡BAL & CASEROS;LOMAS;-58,413818;-34,770994
779;OLAZÁBAL & SÁNCHEZ DE BUSTAMANTE;LOMAS;-58,4133143;-34,7686127
273;OLIDEN & EUSTAQUIO DÃ­AZ VÃ©LEZ;LOMAS;-58,411972;-34,769143
269;CORONEL RAMÃ³N FALCÃ³N & EUSTAQUIO DÃ­AZ VÃ©LEZ;LOMAS;-58,411433;-34,766433
858;SIMÓN BOLÍVAR & MONSEÑOR JUAN CHIMENTO;LOMAS;-58,40924;-34,7704686
247;CALLE MOLINA ARROTEA & SIMÃ³N BOLÃ­VAR;LOMAS;-58,40875;-34,768118
242;CORNELIO SAAVEDRA & MONSEÃ±OR JUAN CHIMENTO;LOMAS;-58,407656;-34,770688
230;SARMIENTO & SANCHEZ DE BUSTAMANTE;LOMAS;-58,405998;-34,769723
212;ITALIA & CORONEL RAMÃ³N FALCÃ³N;LOMAS;-58,402816;-34,767665
197;SIXTO FERNÃ¡NDEZ & ESPAÃ±A;LOMAS;-58,400251;-34,766545
886;LOMAS HIGH SCHOOL ALARMA ;LOMAS;-58,4070778;-34,7676984
937;MONSEÑOR PIAGGIO & CASEROS;LOMAS;-58,4109989;-34,7714099
943;ESPEJO Y POZOS ;LOMAS;-58,3958198;-34,7659642
1002;MONSEÑOR JUAN CHIMENTO & IGNACIO ÁLVAREZ THOMAS;LOMAS;-58,41503;-34,7696399
838;AVENIDA BENITO PÉREZ GALDÓS & PUERTO ARGENTINO;CENTENARIO;-58,617039;-34,5735836